pair_id,variant,bucket,similarity,a_row,b_row,a_source,b_source,a_name,b_name,a_price,b_price,a_url,b_url
1,soffa,0.20-0.30,0.2905,35151,30839,blocket,blocket,Ikea Kivik 3 sits,Soffa Ikea Furudal furu 5 moduler design Gillis Lundgren IKEA 1983,800.0,3000.0,https://images.blocketcdn.se/dynamic/default/item/23542751/aa94ae0b-c2b5-4239-9972-0dfb0821458e,https://images.blocketcdn.se/dynamic/default/item/24207620/bacf10e0-8828-4c3a-8888-0fcdb5a872ca
2,soffa,0.20-0.30,0.2172,2492,25675,auctionet,blocket,"FÅTÖLJ, ""Seat up"", tillverkad av O.H. Sjögren, brickmärkt.",Rottinggrupp med klädsel,1600.0,5500.0,https://images.auctionet.com/thumbs/mini_item_4981321_55c88fe2cb.jpg,https://images.blocketcdn.se/dynamic/default/item/24142647/b6a9c811-deb1-4424-9123-d7e95318442a
3,soffa,0.20-0.30,0.245,88516,86675,blocket,blocket,"Soffa Coffee 2,5 sits",Brun utesoffa med svart metallstomme,1500.0,1000.0,https://images.blocketcdn.se/dynamic/default/item/24728037/e51d981a-2d7b-42b1-a1e2-6da680bbb845,https://images.blocketcdn.se/dynamic/default/item/23665954/fd675551-d13c-40a8-ad13-d1c8d723b1c2
4,soffa,0.20-0.30,0.293,11670,11642,auctionet,auctionet,"SOFFA, "" Visingsö "". carl malmsten","PINNSOFFA, trä, 1900-talets andra hälft.",1500.0,1101.0,https://images.auctionet.com/thumbs/mini_item_4823702_7b648ee103.jpg,https://images.auctionet.com/thumbs/mini_item_4966479_f0c0e0e9ba.jpg
5,soffa,0.20-0.30,0.2671,29335,7453,blocket,auctionet,Vacker soffa från 60-talet,"SOFFA, rokokostil, 1900-tal.",1000.0,1500.0,https://images.blocketcdn.se/dynamic/default/item/24354161/a9ba1195-1ba2-4991-be4c-622989b7cc48,https://images.auctionet.com/thumbs/mini_item_4907066_5363c0d9e2.jpg
6,soffa,0.30-0.45,0.3145,7381,720,auctionet,auctionet,"PINNSOFFA, möjligen Danmark, 1960-tal.","TABURETT, England, stoppad och skinnklädd sits, 1900-talets slit.",1772.0,2200.0,https://images.auctionet.com/thumbs/mini_item_4863803_cc1254f732.jpg,https://images.auctionet.com/thumbs/mini_item_4964061_4758c71871.jpg
7,soffa,0.30-0.45,0.4373,23069,31285,blocket,blocket,Jysk Egense beige 2-sits soffa,Kökssoffa/ Bänk/ Gammal möbel,1600.0,2300.0,https://images.blocketcdn.se/dynamic/default/item/24623907/942544c6-6794-4630-aa87-ddf18536fdca,https://images.blocketcdn.se/dynamic/default/item/21376491/816a4419-b4de-4afc-b03a-196a7e565295
8,soffa,0.30-0.45,0.3237,34782,35270,blocket,blocket,Röd soffa 3-sits med träben,Antik soffa,750.0,1000.0,https://images.blocketcdn.se/dynamic/default/item/23916769/c3a464fb-ecc4-4ff3-931a-3b1f37990b0d,https://images.blocketcdn.se/dynamic/default/item/23400239/f3476d28-8187-4ebd-ba2e-afddce75aa87
9,soffa,0.30-0.45,0.387,30344,31291,blocket,blocket,Rottinggrupp,Soffa - Dublin - från Slettvoll säljes,2500.0,2000.0,https://images.blocketcdn.se/dynamic/default/item/24601263/49eaffd1-c94c-450d-90c1-202833d37a39,https://images.blocketcdn.se/dynamic/default/item/23529950/9767493d-b754-484d-9107-b2ddfdeecebb
10,soffa,0.30-0.45,0.3499,35298,12377,blocket,blocket,Stor rymlig soffa grå,Sammets soffa / fåtölj,2000.0,2000.0,https://images.blocketcdn.se/dynamic/default/item/23369152/e2ea9ad7-a147-4b27-a6f3-271e34db4301,https://images.blocketcdn.se/dynamic/default/item/23559343/9d35a845-888e-4d7e-bc4d-0682b7aa9e52
11,soffa,0.45-0.60,0.5991,30277,31034,blocket,blocket,IKEA Kivik 3-sitssoffa,Soffa,2000.0,2000.0,https://images.blocketcdn.se/dynamic/default/item/24637722/a34bbac9-fa3c-4785-b01c-2601fc317b99,https://images.blocketcdn.se/dynamic/default/item/17735670/9afb65b4-8149-429f-9754-638b1093dca1
12,soffa,0.45-0.60,0.5288,30659,23977,blocket,blocket,"2,5 sits soffa säljes!",Jysk soffa mörkgrön tyg,2250.0,900.0,https://images.blocketcdn.se/dynamic/default/item/20451588/2678e868-960a-4e7c-aa73-fa75e3f23f84,https://images.blocketcdn.se/dynamic/default/item/20761388/7374b62d-0eaa-4806-9e4b-8030d2a7e061
13,soffa,0.45-0.60,0.46,91160,32407,blocket,blocket,Svart soffa i skinnimitation,Soffa Söderhamn Ikea,500.0,4900.0,https://images.blocketcdn.se/dynamic/default/item/24750473/5eed2eeb-0980-4420-9eaa-3d92965fa1c6,https://images.blocketcdn.se/dynamic/default/item/23801329/cce81ad6-3eaa-4f6b-a206-33928f64d606
14,soffa,0.45-0.60,0.5298,26424,31010,blocket,blocket,HAY Silhouette 3-sits soffa – mörkblå,Oxford soffa svängd,15000.0,2000.0,https://images.blocketcdn.se/dynamic/default/item/24229253/701a7ba1-9d59-48fc-8541-ad56d0290589,https://images.blocketcdn.se/dynamic/default/item/24005331/529da9f9-f6f8-4955-8f9b-89c34e82d774
15,soffa,0.45-0.60,0.4929,7757,84157,auctionet,blocket,"SOFFA, 1900-talets andra hälft, klädd i JP Bakers ""Hydrangea bird"", klotformade ben.",Utesoffa med svarta dynor,6500.0,1700.0,https://images.auctionet.com/thumbs/mini_item_5060571_2391200387.jpg,https://images.blocketcdn.se/dynamic/default/item/24475041/6b856f1f-ad80-401b-8aa8-a4192163e55d
16,soffa,0.60-0.75,0.6807,25916,23611,blocket,blocket,Soffa och bord,soffa till salu,5000.0,800.0,https://images.blocketcdn.se/dynamic/default/item/23708391/03b6e6e3-8df1-46e9-9a4b-8f084e0cb315,https://images.blocketcdn.se/dynamic/default/item/24389980/c64a4309-8855-44a2-9579-58a050b00c36
17,soffa,0.60-0.75,0.6514,88416,30081,blocket,blocket,Sweef soffa - katten,IKEA Klippan 2-sits soffa grå tyg,10000.0,1800.0,https://images.blocketcdn.se/dynamic/default/item/24741174/23363de6-d122-4d9b-b5e5-3990841b6252,https://images.blocketcdn.se/dynamic/default/item/20979193/9fe7dd62-4c64-4a88-964c-3e668fbe9179
18,soffa,0.60-0.75,0.6357,29444,30481,blocket,blocket,Mio Soffa Arizona,Soffa och fåtölj,1500.0,2900.0,https://images.blocketcdn.se/dynamic/default/item/24232902/a7e7051b-0e84-4b0f-96e1-42e4a101733e,https://images.blocketcdn.se/dynamic/default/item/19623959/8d29430a-de01-470c-8047-ac216bff72e2
19,soffa,0.60-0.75,0.7324,29822,31110,blocket,blocket,Två 3-sits soffor,ikea soffa Karlstad,1000.0,2000.0,https://images.blocketcdn.se/dynamic/default/item/23685783/c4d44808-6a11-4c93-b6ad-d10cdd117f2e,https://images.blocketcdn.se/dynamic/default/item/17914304/3456eb3a-93d3-46f4-b57b-1b3fa3773f01
20,soffa,0.60-0.75,0.6416,7910,33895,auctionet,blocket,"SOFFA, hörnmodell, 1800/1900 tal, Norge.",Brun tygsoffa 3-sits med rundade armstöd,1000.0,300.0,https://images.auctionet.com/thumbs/mini_item_4784307_1afc3db939.jpg,https://images.blocketcdn.se/dynamic/default/item/24538339/f4d895da-ebd4-4eae-86af-38c299828ea7
21,soffa,0.75-0.92,0.769,30535,25838,blocket,blocket,Tresitsig soffa med avtagbar klädsel,Soffa,3500.0,7000.0,https://images.blocketcdn.se/dynamic/default/item/24403650/77af8568-6c53-4c9a-8f22-dec9c0fd9bd4,https://images.blocketcdn.se/dynamic/default/item/23870364/4832faa4-3094-4d62-bb3b-d183be330f48
22,soffa,0.75-0.92,0.751,25642,90904,blocket,blocket,Jättefin Eden Soffa med nackstöd o pall,Soffa med fåtöljer,6500.0,1500.0,https://images.blocketcdn.se/dynamic/default/item/24183956/e391ea26-a9c5-4b27-b745-65c735f75de1,https://images.blocketcdn.se/dynamic/default/item/24759936/7a19ea1c-0e39-4f4b-b221-93b4eaed4c86
23,soffa,0.75-0.92,0.8477,35028,27873,blocket,blocket,Eilersen Zenith 3-sits soffa,Ikea Stocksund 3-sits soffa,2500.0,500.0,https://images.blocketcdn.se/dynamic/default/item/23676782/cb5a2852-d5ef-4924-9d9e-4cf7d797345f,https://images.blocketcdn.se/dynamic/default/item/24218385/c6371373-e6ee-48d2-857d-280a93ed6186
24,soffa,0.75-0.92,0.7686,24773,23140,blocket,blocket,Lawrence howardsoffa 2-sits,Soffor,1000.0,3000.0,https://images.blocketcdn.se/dynamic/default/item/23544348/edb87ec2-3ecb-4c51-b7a1-343021484a08,https://images.blocketcdn.se/dynamic/default/item/24597948/9e9aaea1-0372-4361-93e5-0ee0f2cfcbce
25,soffa,0.75-0.92,0.7529,34574,31380,blocket,blocket,"Sören Lund SL 88, dansk designsoffa",Soffa och Fotölj säljes nu billigt pga flytt,3000.0,3000.0,https://images.blocketcdn.se/dynamic/default/item/24090023/19732ecc-2cca-45d7-8fbe-d73bc8caedaa,https://images.blocketcdn.se/dynamic/default/item/23436160/a8a9b061-185a-4afc-b259-92f39237cf51
26,fåtölj,0.20-0.30,0.2764,28237,37704,blocket,blocket,Nätt svart karmstol,Svart karmstol i sammet,300.0,650.0,https://images.blocketcdn.se/dynamic/default/item/23884939/4c305efb-9c4a-49f4-99d0-8aa0f80de074,https://images.blocketcdn.se/dynamic/default/item/20648089/ddaf8429-829f-4ec9-83b9-cdb00e3a8fb8
27,fåtölj,0.20-0.30,0.2305,2054,23057,auctionet,blocket,"ARNE DAHLÉN. Fåtölj, ""Eva"", Dalums Fåtöljindustri, 1960-tal.",Elektrisk recliner fåtölj med lift-upfunktion,3000.0,1500.0,https://images.auctionet.com/thumbs/mini_item_4890584_a85ad068c0.jpg,https://images.blocketcdn.se/dynamic/default/item/24627691/674f6ba6-7e0c-4db3-b1cb-5c2cffe463a2
28,fåtölj,0.20-0.30,0.2947,1980,82976,auctionet,blocket,"""Corall"", karmstolar, ett par, Nordiska Kompaniet, 1930-tal, stomme i betsad björk, klädse",2st läckra fåtöljer,9000.0,750.0,https://images.auctionet.com/thumbs/mini_item_5015594_71834c522c.jpg,https://images.blocketcdn.se/dynamic/default/item/23874563/30afd801-6ca9-4378-bc55-0ca4cf621fc2
29,fåtölj,0.20-0.30,0.2229,2298,2982,auctionet,auctionet,"FÅTÖLJ ""Lövåsen"" Sportsugemöbel, bemålad furu, Åby Möbelfabrik, 1900-talets mitt.","FÅTÖLJ, fladdermusmodell, metallunderede, koskinn/canvas.",659.0,750.0,https://images.auctionet.com/thumbs/mini_item_4787622_90c2df7ebe.jpg,https://images.auctionet.com/thumbs/mini_item_5125442_10e6550aa9.jpg
30,fåtölj,0.20-0.30,0.2354,4247,84760,auctionet,blocket,"KARMSTOLAR, ett par, modell 401, konstläder & nitdekor, Engen, Örkelljunga, 1900-talets mi",Rottingfåtölj,250.0,1200.0,https://images.auctionet.com/thumbs/mini_item_5040509_fbab794270.jpg,https://images.blocketcdn.se/dynamic/default/item/23652552/e9e3447c-1f47-4562-9141-c9b1256eca0d
31,fåtölj,0.30-0.45,0.449,28668,29808,blocket,blocket,Ikea VIMLE fåtölj,50-talsfåtölj,800.0,1000.0,https://images.blocketcdn.se/dynamic/default/item/23407023/fc51d6f9-ef7e-4cf4-a7bd-ada88e849bec,https://images.blocketcdn.se/dynamic/default/item/23702532/15e05b43-0767-432b-80d3-d71b07595250
32,fåtölj,0.30-0.45,0.3335,47589,93947,blocket,auctionet,"Karmstol ""dante"" med snidade detaljer","""Samsas"", fåtölj, stoppad textilbeklädd stomme, OH Sjögren Tranås, brickmärkt. carl malmst",700.0,3800.0,https://images.blocketcdn.se/dynamic/default/item/24046317/14046d20-4374-4d2a-b94f-3369d810bafd,https://images.auctionet.com/thumbs/mini_item_3532038_4c26d6657f.jpg
33,fåtölj,0.30-0.45,0.3196,4215,23282,auctionet,blocket,"KARMSTOLAR/LÄNSSTOLAR, ett par, barockstil, 1900-tal.",Rottingfåtöljer i natur från Åhléns Home!,300.0,1500.0,https://images.auctionet.com/thumbs/mini_item_5098974_84046024d5.jpg,https://images.blocketcdn.se/dynamic/default/item/24545765/3f29f4f7-2434-489f-8c5b-30d2cc544de5
34,fåtölj,0.30-0.45,0.4302,1314,27856,auctionet,blocket,"""Senator"", fåtöljer, ett par, France & Son, Danmark, 1960-tal, teak. ole wanscher",Fåtölj,10256.0,350.0,https://images.auctionet.com/thumbs/mini_item_4941915_b5d9605129.jpg,https://images.blocketcdn.se/dynamic/default/item/24228580/30e4bb2a-9bd3-4326-91f7-66447a664549
35,fåtölj,0.30-0.45,0.3481,84895,3037,blocket,auctionet,Rottingfåtöljer med grå dynor,"Fåtölj ""Hemmakväll"", klädd i fårskinnspäls Espresso. carl malmsten",600.0,14000.0,https://images.blocketcdn.se/dynamic/default/item/23369911/fb7569f1-731f-413a-8e30-b67cf5d34b22,https://images.auctionet.com/thumbs/mini_item_4889516_c4826a1a57.jpg
36,fåtölj,0.45-0.60,0.5781,2106,27037,auctionet,blocket,"FÅTÖLJER, ett par, 1930/40-tal.",Fåtölj i mycket bra skick –600kr,550.0,600.0,https://images.auctionet.com/thumbs/mini_item_4749927_6846993b8a.jpg,https://images.blocketcdn.se/dynamic/default/item/24694181/d80c63b8-343f-4680-9a18-9fba09ac0bdc
37,fåtölj,0.45-0.60,0.5234,29716,2969,blocket,auctionet,Artwood design - rottingfåtölj med tjocka vita dynor,"FÅTÖLJER, 1 par, 1900-talets andra hälft, omklädd i brunt skinn, betsade ben.",1500.0,5015.0,https://images.blocketcdn.se/dynamic/default/item/23852660/7c5ee4b8-9a54-49ff-98dc-5a89da924f5b,https://images.auctionet.com/thumbs/mini_item_5229671_a0636db970.jpg
38,fåtölj,0.45-0.60,0.5,27271,22960,blocket,blocket,Fåtölj,Fåtölj i sammet,800.0,1500.0,https://images.blocketcdn.se/dynamic/default/item/24578037/61d94b8b-44d1-4d68-9e17-635b36af4a63,https://images.blocketcdn.se/dynamic/default/item/24664494/00c123e3-8029-4c08-b2ca-4dea38920d8b
39,fåtölj,0.45-0.60,0.5386,23607,2969,blocket,auctionet,Boucle Fåtölj Vit,"FÅTÖLJER, 1 par, 1900-talets andra hälft, omklädd i brunt skinn, betsade ben.",2500.0,5015.0,https://images.blocketcdn.se/dynamic/default/item/24392067/144cfbb7-644d-4b0b-a557-15a6c0cd224c,https://images.auctionet.com/thumbs/mini_item_5229671_a0636db970.jpg
40,fåtölj,0.45-0.60,0.5117,35498,28201,blocket,blocket,Emmafåtölj i röd sammet,Retro karmstol fåtölj,250.0,200.0,https://images.blocketcdn.se/dynamic/default/item/23344691/44c80b48-42e1-4f5c-a599-d6210733fbfb,https://images.blocketcdn.se/dynamic/default/item/23924683/624a967a-cf6b-4915-95c1-8704e51b1c0c
41,fåtölj,0.60-0.75,0.6274,25089,23289,blocket,blocket,Howard fåtölj 2 st,Beige fåtölj,1000.0,750.0,https://images.blocketcdn.se/dynamic/default/item/23237746/ce3c3218-a20e-40c4-9ee2-0776302684ff,https://images.blocketcdn.se/dynamic/default/item/24542900/f83e2fac-761f-4b0d-b174-7254bd23b442
42,fåtölj,0.60-0.75,0.6465,23131,85821,blocket,blocket,Ekornes/ Stressless,2 st fåtöljer i konstrotting med dyna,500.0,100.0,https://images.blocketcdn.se/dynamic/default/item/22925648/857516f6-e506-4098-ad0f-8f38260ae9ee,https://images.blocketcdn.se/dynamic/default/item/22687149/2b30f0e1-177d-4b36-b2e9-c9fc833338b8
43,fåtölj,0.60-0.75,0.6987,25998,29474,blocket,blocket,Erik Mio fåtölj,Fåtöljer,4000.0,1000.0,https://images.blocketcdn.se/dynamic/default/item/23495240/67c7c8d7-7dd7-4679-862f-76371b9a5a52,https://images.blocketcdn.se/dynamic/default/item/24205192/0a94039c-d9a1-4525-bb9d-9080b7165de4
44,fåtölj,0.60-0.75,0.6084,3393,2394,auctionet,auctionet,"FÅTÖLJ, TILLSKRIVEN KURT ØSTERVIG.","Fåtölj, ""TeVe"", ur Studio-kollektionen 1953, Dux, Ljungs Industrier AB, Malmö. alf svensso",5000.0,1925.0,https://images.auctionet.com/thumbs/mini_item_4933325_8021295f3a.jpg,https://images.auctionet.com/thumbs/mini_item_4857356_167ce644d8.jpg
45,fåtölj,0.60-0.75,0.6138,29891,29640,blocket,blocket,Cube fåtölj Karup Design,IKEA Mellby fåtölj i grått tyg,1700.0,1300.0,https://images.blocketcdn.se/dynamic/default/item/18196159/9f901fae-586d-4e25-88aa-c8fb1cd2fe83,https://images.blocketcdn.se/dynamic/default/item/23902777/adc239c7-6f55-4dcb-9c41-722b8a1067a8
46,fåtölj,0.75-0.92,0.7852,29914,34239,blocket,blocket,Världens skönaste fåtöljer,2 st svarta skinnfåtöljer från IKEA,1000.0,1100.0,https://images.blocketcdn.se/dynamic/default/item/23506538/469567a9-0b0b-4351-b707-8788e35795f7,https://images.blocketcdn.se/dynamic/default/item/24335094/a895e57b-f880-4630-a3a4-1e932c9854a7
47,fåtölj,0.75-0.92,0.7695,4374,32346,auctionet,blocket,"Fåtölj ""Eva hög"", Dux, stomme i bok, med fluffig klädsel. bruno mathsson",DUX Pernilla 69,3226.0,4995.0,https://images.auctionet.com/thumbs/mini_item_5043701_f7ef86b294.jpg,https://images.blocketcdn.se/dynamic/default/item/22214991/ce828f43-941f-4cb3-a518-88b60406a7be
48,fåtölj,0.75-0.92,0.7827,1394,3208,auctionet,auctionet,"KARMSTOLAR, ""CILLA"", TVÅ STYCKEN, FÖR IKEA. erik wörtz","""Colonial Chair"", karmstol, Carl Hansen & Søn, Danmark, modell OW149, formgivningsår 1959.",851.0,10100.0,https://images.auctionet.com/thumbs/mini_item_4812405_96ad5f8e0d.jpg,https://images.auctionet.com/thumbs/mini_item_4893987_e9e47e8710.jpg
49,fåtölj,0.75-0.92,0.7949,23519,27694,blocket,blocket,Fåtölj säljes,Skinnfåtölj IMG Norway,1200.0,750.0,https://images.blocketcdn.se/dynamic/default/item/24430132/b8906fac-0122-444e-b142-361adfc04242,https://images.blocketcdn.se/dynamic/default/item/24334736/8b2901c3-7c18-49d1-8e7f-a3713f71c793
50,fåtölj,0.75-0.92,0.8853,4446,2458,auctionet,auctionet,"Textilklädsel. ""Farmor"". AB O.H. Sjögren, plakettmärkt undertill. carl malmsten. fåtölj","Fåtöljer ett par ""Oscar"". carl malmsten",1200.0,2947.0,https://images.auctionet.com/thumbs/mini_item_5010552_66a53daf68.jpg,https://images.auctionet.com/thumbs/mini_item_5011868_add720d5be.jpg
51,bord,0.20-0.30,0.2559,43365,83009,blocket,blocket,Vackert bord i metall.,DPJ höj- & sänkbart skrivbord,300.0,1100.0,https://images.blocketcdn.se/dynamic/default/item/24688811/74123bea-bbd9-4db3-9c14-5165010eaced,https://images.blocketcdn.se/dynamic/default/item/24722565/33ae9ffc-cc33-4e71-bb73-0814b4bc2250
52,bord,0.20-0.30,0.2289,55062,49675,blocket,blocket,Litet bord,Soffbord,150.0,1600.0,https://images.blocketcdn.se/dynamic/default/item/20408180/232694eb-e28b-47b1-bbfa-175cf432481b,https://images.blocketcdn.se/dynamic/default/item/23706812/0ccbe885-986e-44e1-87e5-b0d13a0e3417
53,bord,0.20-0.30,0.2393,22159,39007,blocket,blocket,Avlastningsbord,Skrivbord Jysk,250.0,1500.0,https://images.blocketcdn.se/dynamic/default/item/23795286/9e0d101a-7ebd-4267-ace5-9c0ca963242d,https://images.blocketcdn.se/dynamic/default/item/24297387/a03df3f2-1a55-4a48-ac91-c3944bf9ec28
54,bord,0.20-0.30,0.2076,45983,39040,blocket,blocket,Sidobord,Modernt konsolbord/sidobord i mycket fint skick,450.0,1000.0,https://images.blocketcdn.se/dynamic/default/item/22500421/a335f084-c97b-4919-8370-c5a3180fb31c,https://images.blocketcdn.se/dynamic/default/item/24261964/d6814b2d-dfdf-4daf-8bf7-739428a711ad
55,bord,0.20-0.30,0.2004,35595,83342,blocket,blocket,VITTSJÖ bord svart/glas 100x36 cm,Utemöbler - soffbord Jysk,400.0,500.0,https://images.blocketcdn.se/dynamic/default/item/24662005/da870f3b-c5da-48f7-ba2a-2f8382fcd6c1,https://images.blocketcdn.se/dynamic/default/item/24290849/1ba56443-6857-4bb5-907c-750afc9ac2c1
56,bord,0.30-0.45,0.3577,51817,80328,blocket,blocket,Teakbord,Runt träbord med svarvat ben svart/brunt,2900.0,400.0,https://images.blocketcdn.se/dynamic/default/item/23328024/2d1bd5a6-feb5-4ad4-a542-7ed702f91672,https://images.blocketcdn.se/dynamic/default/item/24612175/fc7319b2-aa93-4454-9e17-e7d62f80629a
57,bord,0.30-0.45,0.3057,11707,37178,auctionet,blocket,"SOFFBORD, glas och smide, 1900-talets senare del.",Soffbord i marmor,350.0,700.0,https://images.auctionet.com/thumbs/mini_item_4758378_55e9293579.jpg,https://images.blocketcdn.se/dynamic/default/item/24562354/3a2b8878-82a8-414d-8a0c-7dc5cd729849
58,bord,0.30-0.45,0.415,13543,41023,blocket,blocket,Helt nytt skrivbord 120cm,Fritz Hansen Tray sidobord 60cm diameter,700.0,4500.0,https://images.blocketcdn.se/dynamic/default/item/23510664/678459ca-6434-4c18-b3b7-e359f3a7a409,https://images.blocketcdn.se/dynamic/default/item/22416394/608f273b-54cd-4fa9-8c9f-a745b6d9485d
59,bord,0.30-0.45,0.4216,46265,46650,blocket,blocket,Stort Svart Skrivbord från Ikea,Bekant skrivbord från ikea,500.0,499.0,https://images.blocketcdn.se/dynamic/default/item/22178799/77ce2679-4061-40e0-b472-311bb952997c,https://images.blocketcdn.se/dynamic/default/item/23423571/47c4392d-160e-46b5-9b9d-014c438a1fdf
60,bord,0.30-0.45,0.342,89086,88913,blocket,blocket,"STOCKHOLM Satsbord, set om 2, valnötsfaner",Soffbord,475.0,125.0,https://images.blocketcdn.se/dynamic/default/item/24744837/1d77535a-8de8-408b-9f21-255a236890dc,https://images.blocketcdn.se/dynamic/default/item/24732276/252181e6-7141-49ff-8617-9f8f913fdc7f
61,bord,0.45-0.60,0.5586,42685,80773,blocket,blocket,Litet bord,"Halvmånebord, i björk från 1800-talet",50.0,1000.0,https://images.blocketcdn.se/dynamic/default/item/24055536/fe1ff27b-f5d9-47f1-a5e8-843090fbb821,https://images.blocketcdn.se/dynamic/default/item/24626366/93d84ddc-b076-4fbb-b44b-48375001ecb9
62,bord,0.45-0.60,0.4924,42104,53303,blocket,blocket,IKEA Linmon bord med metallben,Soffbord massiv ek,150.0,400.0,https://images.blocketcdn.se/dynamic/default/item/24324140/9794fa3c-1ac3-4932-95a1-337478687ec3,https://images.blocketcdn.se/dynamic/default/item/24667714/e044187c-8f9b-4729-a265-e5aac37c8773
63,bord,0.45-0.60,0.5698,35982,50210,blocket,blocket,"Två små soffbord, nya!",Soffbord massivt trä H&M Home,150.0,2000.0,https://images.blocketcdn.se/dynamic/default/item/22639242/1d50bc0d-4e48-48b6-bc2b-acba0621883f,https://images.blocketcdn.se/dynamic/default/item/24712943/7ff16284-d052-4264-b92b-558edddcf112
64,bord,0.45-0.60,0.4751,44965,11707,blocket,auctionet,Soffbord IKEA,"SOFFBORD, glas och smide, 1900-talets senare del.",250.0,350.0,https://images.blocketcdn.se/dynamic/default/item/23376136/b39be4d4-70c9-433c-a7dc-2d0520fda3f6,https://images.auctionet.com/thumbs/mini_item_4758378_55e9293579.jpg
65,bord,0.45-0.60,0.4866,42909,6847,blocket,auctionet,STADIGT BORD - 88 x 60 CM !!,"SKRIVBORD, 1900-talets början, svartmålad skrivskiva, två lådor med beslag i gustaviansk s",75.0,2000.0,https://images.blocketcdn.se/dynamic/default/item/17602680/6bab43f3-5563-48fa-9b6a-4d4b0069fa9d,https://images.auctionet.com/thumbs/mini_item_4930820_2d52d90cec.jpg
66,bord,0.60-0.75,0.6699,5196,92124,auctionet,blocket,"satsbord, 3 st, bonad björk, Svenska Möbelfabrikerna Bodafors. axel larsson",Antikt slagbord klaffbord,150.0,3900.0,https://images.auctionet.com/thumbs/mini_item_4618274_fafc9318c1.jpg,https://images.blocketcdn.se/dynamic/default/item/23126545/dd7baf0e-e3a4-4184-b876-635d854f9d52
67,bord,0.60-0.75,0.6992,42626,54877,blocket,blocket,Vitt soffbord,Soffbord med glasskiva och förvaring,200.0,50.0,https://images.blocketcdn.se/dynamic/default/item/24123053/0b855660-1c74-4f64-8ff6-a51d735a0fbd,https://images.blocketcdn.se/dynamic/default/item/23742490/e2f98508-959d-4b39-9090-b93045ba1ee8
68,bord,0.60-0.75,0.6016,88096,11725,blocket,auctionet,Grythyttan med renoveringsbehov,"Soffbord, för Cado, Danmark, 1900-talets andra hälft. arne vodder",5000.0,700.0,https://images.blocketcdn.se/dynamic/default/item/24559015/1624d7af-b14b-45fe-aa0c-d3f84c1e41a7,https://images.auctionet.com/thumbs/mini_item_4727409_df00c0ae16.jpg
69,bord,0.60-0.75,0.6089,45850,7062,blocket,auctionet,"SIDOBORD INTARSIA, MAHOGNY, 1900-TAL.","MÅNBORD, 2 delar, sent 1800-tal.",499.0,300.0,https://images.blocketcdn.se/dynamic/default/item/24295495/f43cddb0-bca9-404b-8b97-8cd0419b8dbe,https://images.auctionet.com/thumbs/mini_item_5041327_fb4603001b.jpg
70,bord,0.60-0.75,0.6133,12682,36127,blocket,blocket,Ikea malm smink bord helt nytt,Mio Nancy sidobord,1000.0,300.0,https://images.blocketcdn.se/dynamic/default/item/24580504/aa5d7d21-3180-4821-8ed1-f0049a35cba7,https://images.blocketcdn.se/dynamic/default/item/24192050/661c3ed1-8d4a-4ad9-a1eb-a9aef45a13e4
71,bord,0.75-0.92,0.7524,55594,61653,blocket,blocket,Teakbord,Avlastningsbord,500.0,1200.0,https://images.blocketcdn.se/dynamic/default/item/23117587/d5a9f045-268d-4ec8-81a7-a4cc236e5f7b,https://images.blocketcdn.se/dynamic/default/item/21474994/2bef3cf5-78b7-4e97-a414-a259912ea6b4
72,bord,0.75-0.92,0.7544,5943,11679,auctionet,auctionet,"SOFFBORD, teak och bok med mässingsfötter, Ellbe, 1900-talets mitt.","SOFFBORD, ""Elddans"", Algot P Törneman, Seffle Möbelfabrik, signerat, numrerat 33/200, date",550.0,1211.0,https://images.auctionet.com/thumbs/mini_item_4854077_6e9e8f9810.jpg,https://images.auctionet.com/thumbs/mini_item_4909869_cd5edda566.jpg
73,bord,0.75-0.92,0.7676,4763,11679,auctionet,auctionet,"SOFFBORD Mahogny, 1900-talets mitt.","SOFFBORD, ""Elddans"", Algot P Törneman, Seffle Möbelfabrik, signerat, numrerat 33/200, date",500.0,1211.0,https://images.auctionet.com/thumbs/mini_item_4984089_723cdd04d9.jpg,https://images.auctionet.com/thumbs/mini_item_4909869_cd5edda566.jpg
74,bord,0.75-0.92,0.8062,55594,7015,blocket,auctionet,Teakbord,"SPELBORD, sent 1800-tal.",500.0,400.0,https://images.blocketcdn.se/dynamic/default/item/23117587/d5a9f045-268d-4ec8-81a7-a4cc236e5f7b,https://images.auctionet.com/thumbs/mini_item_4944806_1f83a38f9c.jpg
75,bord,0.75-0.92,0.8125,6842,5260,auctionet,auctionet,"KONSOLBORD, 1900-talets andra hälft, gustaviansk stil, ''Signum Gustavus'', bemålad.","Sybord, ""Nya Frida"", fanérad i björk, med dekor av intarsia, låda i sargen. carl malmsten",3070.0,11000.0,https://images.auctionet.com/thumbs/mini_item_4810943_835c836df6.jpg,https://images.auctionet.com/thumbs/mini_item_4903747_b5eb30b972.jpg
76,matgrupp,0.20-0.30,0.2423,50635,28998,blocket,blocket,Matgrupp med 4 stolar,2 st Soffor plus matbord med 4 st stolar,625.0,750.0,https://images.blocketcdn.se/dynamic/default/item/24497711/e103efaa-201e-4946-98c8-661ad06c4c5f,https://images.blocketcdn.se/dynamic/default/item/24633571/80ab16db-372a-4513-a5d9-4edaf600c936
77,matgrupp,0.20-0.30,0.2966,49954,48235,blocket,blocket,Matgrupp,Matgrupp,1200.0,1600.0,https://images.blocketcdn.se/dynamic/default/item/23411962/db228e28-0add-4ecb-8ab9-f18dd70da2dc,https://images.blocketcdn.se/dynamic/default/item/24678879/f5d0cae2-ce86-4d2d-9240-9d1d43a18cd5
78,matgrupp,0.20-0.30,0.2225,40489,48028,blocket,blocket,Mio matbord och stol i trä och sammet,Matbord med 2 stolar,2500.0,400.0,https://images.blocketcdn.se/dynamic/default/item/24018904/d94f12b6-94c4-4693-a44f-bed63b3cea8a,https://images.blocketcdn.se/dynamic/default/item/23342220/e32ad0fd-551a-49a3-b8cc-d190b9774363
79,matgrupp,0.20-0.30,0.2384,40826,85143,blocket,blocket,Matgrupp 4 stolar och ett bord,Utemöbler bord och stolar i vitt,625.0,1000.0,https://images.blocketcdn.se/dynamic/default/item/23367776/0f42d7d0-08ce-4b5b-a275-caf87b3072ad,https://images.blocketcdn.se/dynamic/default/item/24707943/914bfb43-6b30-42f5-8d2a-82c5e7385fa0
80,matgrupp,0.20-0.30,0.2678,52916,56550,blocket,blocket,Matbord och stolar,Bord och stolar,9000.0,500.0,https://images.blocketcdn.se/dynamic/default/item/24118860/fb109d56-134c-4102-a49d-91dde30f5bf5,https://images.blocketcdn.se/dynamic/default/item/23879083/d029884f-3eeb-4aec-ba83-0ba2cad1e293
81,matgrupp,0.30-0.45,0.4131,52330,81299,blocket,blocket,Rokoko stil matbord + 4 stolar + förlängning 2 stycken (38 cm x2 ),Matbord med 4 stolar,2250.0,175.0,https://images.blocketcdn.se/dynamic/default/item/20624402/53821c67-ddb4-4913-b26a-e772ea2fe565,https://images.blocketcdn.se/dynamic/default/item/24158081/a77774ac-2e51-42b2-b961-f318a3350092
82,matgrupp,0.30-0.45,0.4236,84096,40006,blocket,blocket,BRAFAB TEAK Trädgårdsgrupp i trä med ovalt bord och stolar,Grå Matgrupp,13700.0,3000.0,https://images.blocketcdn.se/dynamic/default/item/24532028/f0b4b22d-e0b2-40b7-a99e-526a686249ad,https://images.blocketcdn.se/dynamic/default/item/24619268/8b9e9203-af22-41f5-943d-cdda9287485e
83,matgrupp,0.30-0.45,0.3892,52129,40747,blocket,blocket,Matsalsgrupp i gustaviansstil,Matgrupp,6000.0,2200.0,https://images.blocketcdn.se/dynamic/default/item/24486857/bed842ea-3ec7-4e59-be94-b5db1c54c85a,https://images.blocketcdn.se/dynamic/default/item/23511077/aaf0bab4-46be-4509-a9cc-e9743b84bbaa
84,matgrupp,0.30-0.45,0.3525,40265,87865,blocket,blocket,Matgrupp i ek med 4 stolar - nyrenoverat,Vitt runt cafébord med 4 stolar,725.0,2000.0,https://images.blocketcdn.se/dynamic/default/item/24354392/3c0f693c-bbe2-48df-ad56-49184d6c3dee,https://images.blocketcdn.se/dynamic/default/item/23786567/4d3d5f3d-3df0-4068-b7e0-9bbbb0bca400
85,matgrupp,0.30-0.45,0.3831,51492,86326,blocket,blocket,Barbord med 4 stolar,Stort matbord och 8 st stolar till sommarfesterna!,525.0,1050.0,https://images.blocketcdn.se/dynamic/default/item/22068638/316d0171-698b-4574-8885-75ae537764fe,https://images.blocketcdn.se/dynamic/default/item/24060887/b0b23a35-4e4b-4c6d-a82b-3a4fffb01e3b
86,matgrupp,0.45-0.60,0.4883,40473,92108,blocket,blocket,Matbord + Stolar MIO,Mio Cornwall matbord med 6 stolar,2000.0,500.0,https://images.blocketcdn.se/dynamic/default/item/24047228/c43261e3-7032-4c67-b953-2722806b4e6c,https://images.blocketcdn.se/dynamic/default/item/24757654/fe2deb1f-57bd-416c-81ef-f760172f3985
87,matgrupp,0.45-0.60,0.542,93828,87092,blocket,blocket,Stort utebord + 6st stolar,Jutlandia utemöbler bord och 2 stolar trä,500.0,250.0,https://images.blocketcdn.se/dynamic/default/item/23536561/ad2a0181-984f-4f5c-a3e3-0c310df71589,https://images.blocketcdn.se/dynamic/default/item/24700481/5cfc7ef9-777d-496b-b0a1-43f76259968f
88,matgrupp,0.45-0.60,0.5044,40031,92122,blocket,blocket,Matbord och stolar,Matgrupp med 8 stolar och tillhörande vitrinskåp,2000.0,562.0,https://images.blocketcdn.se/dynamic/default/item/24599148/c5113dc2-1f5e-45de-bb72-8dacd79981aa,https://images.blocketcdn.se/dynamic/default/item/24707138/735d8944-c57e-4031-80bd-08948726816c
89,matgrupp,0.45-0.60,0.5337,50596,86119,blocket,blocket,Matgrupp (6 stolar + dynor) från MIO,Matbord med glasbordsskiva och 8 stolar för uteplats,3200.0,250.0,https://images.blocketcdn.se/dynamic/default/item/24517929/7bf3a784-a961-41e8-bd58-fe14a2dcee9e,https://images.blocketcdn.se/dynamic/default/item/24221275/c6462031-90e9-4fd0-8d70-4ed855be0056
90,matgrupp,0.45-0.60,0.5713,50746,12630,blocket,blocket,Matgrupp MIO,Matbord och Stolar - Mio,2500.0,2000.0,https://images.blocketcdn.se/dynamic/default/item/24422353/4a9ddf13-cc15-42cc-9c17-a0ad3af4e850,https://images.blocketcdn.se/dynamic/default/item/24621900/f4f266be-088f-4965-8ef5-37710632b466
91,matgrupp,0.60-0.75,0.7393,50815,57468,blocket,blocket,"Skandinavisk matgrupp i ek: Ovalt, förlängningsbart bord + 6 stolar","Matbord, 4 stolar samt en byrå",483.0,250.0,https://images.blocketcdn.se/dynamic/default/item/24376713/84310d41-5bb8-4b6d-a3d8-f1a2ef8f5a80,https://images.blocketcdn.se/dynamic/default/item/23979808/02e54996-fba6-4bdf-ab38-f40d8b6d0ce4
92,matgrupp,0.60-0.75,0.6284,40498,39369,blocket,blocket,Matgrupp,Runt matbord med stolar,3100.0,1250.0,https://images.blocketcdn.se/dynamic/default/item/24001870/13ebbb66-f871-4a09-85da-67fc65d96332,https://images.blocketcdn.se/dynamic/default/item/23894400/054f6ffd-8d5d-4483-9723-2b8faf79c91c
93,matgrupp,0.60-0.75,0.6147,47343,48758,blocket,blocket,Mat/köksbord med 4 stolar,Matbord och stolar säljes,225.0,1500.0,https://images.blocketcdn.se/dynamic/default/item/24340757/9f2c11fd-d3ec-4618-a88e-d768060bfef3,https://images.blocketcdn.se/dynamic/default/item/24430821/19882af5-2017-470e-bf9a-a08f4a582799
94,matgrupp,0.60-0.75,0.6367,58457,84831,blocket,blocket,Stor matsalsgrupp,Matgrupp utomhus med bord och stolar,4000.0,13500.0,https://images.blocketcdn.se/dynamic/default/item/23666505/56870e30-15be-4b0c-b376-b3dd06aa9e65,https://images.blocketcdn.se/dynamic/default/item/23489789/3bfbaff2-2f9c-4cab-b1f4-122c68bfa16e
95,matgrupp,0.60-0.75,0.6006,51821,38727,blocket,blocket,Fin matgrupp med 6 stolar i svart,Matgrupp från Jysk,417.0,1500.0,https://images.blocketcdn.se/dynamic/default/item/23319718/3c0093b5-8ae8-495a-b518-7f5c21d4b320,https://images.blocketcdn.se/dynamic/default/item/24562261/87fa9bec-0cdf-49c7-9dfd-ea045771070c
96,matgrupp,0.75-0.92,0.8174,41769,55940,blocket,blocket,EXKLUSIV MATGRUPP MED 8 STOLAR INkL. SIDEBOARD,Massivt ekbord med 8 stolar,1874.0,100.0,https://images.blocketcdn.se/dynamic/default/item/19360243/220dd897-bfaf-46be-900d-313762751980,https://images.blocketcdn.se/dynamic/default/item/24503551/9408a195-f2fa-46bb-89b5-50d62df16cc4
97,matgrupp,0.75-0.92,0.7881,50671,51479,blocket,blocket,Matgrupp,Matbord och 4 stolar,3000.0,550.0,https://images.blocketcdn.se/dynamic/default/item/24472900/7b4b27b4-5306-408e-b194-bc2e619f375f,https://images.blocketcdn.se/dynamic/default/item/23781191/9ed49340-24fe-425d-9cae-aa63b5af5e11
98,matgrupp,0.75-0.92,0.8184,57564,53085,blocket,blocket,Matgrupp IKEA (Ingolf stolar + förlängningsbart furubord),"Wilma matgrupp från Mio, matbord med 6 stolar vit/ek",1000.0,3000.0,https://images.blocketcdn.se/dynamic/default/item/23721096/27aca9e9-7c1a-4b52-84e5-8264994b3da7,https://images.blocketcdn.se/dynamic/default/item/24420310/77910344-cd0f-4b30-aa0d-5f7923aab6c6
99,matgrupp,0.75-0.92,0.7842,51513,48496,blocket,blocket,Matbord med 4 stolar och sideboard,Ekbord med 6 stolar + inläggskiva,625.0,233.0,https://images.blocketcdn.se/dynamic/default/item/23732759/cc72e725-a8f4-45fa-abb9-e57140b08e6f,https://images.blocketcdn.se/dynamic/default/item/24424526/97d3f914-163a-4a11-8ad7-a7c75b8592b2
100,matgrupp,0.75-0.92,0.7651,51513,48123,blocket,blocket,Matbord med 4 stolar och sideboard,Stor maktgrupp med 8 stolar,625.0,188.0,https://images.blocketcdn.se/dynamic/default/item/23732759/cc72e725-a8f4-45fa-abb9-e57140b08e6f,https://images.blocketcdn.se/dynamic/default/item/24721041/4458d799-84bf-46bf-8ec4-a0306a9b8bb8
101,stol,0.20-0.30,0.2217,51279,84123,blocket,blocket,Pina Chair Magis kontorsstol,"2 IKEA SKARPÖ utestolar – Vita, nyskick! för uteplats/balkong",3000.0,800.0,https://images.blocketcdn.se/dynamic/default/item/24006185/18f8daad-65cd-4f57-86bc-5015b4816310,https://images.blocketcdn.se/dynamic/default/item/24505859/61ec3b41-c73b-4e80-82ed-56e17d07eacf
102,stol,0.20-0.30,0.2822,37899,57976,blocket,blocket,Gamingstol Dacota Gaming,Stol - Magis Déjà-Vu,450.0,2700.0,https://images.blocketcdn.se/dynamic/default/item/23886987/7bce5194-6ae1-4455-99f5-c58a58c92adc,https://images.blocketcdn.se/dynamic/default/item/24650308/f9c7fcba-27f7-45a7-8fc8-1b633c6dba77
103,stol,0.20-0.30,0.2018,87447,40106,blocket,blocket,Svarta stapelbara utestolar,Hay CPH20 2.0 barbord Ø70 cm + hay stol,150.0,2500.0,https://images.blocketcdn.se/dynamic/default/item/24424736/b94a4c60-ef71-4066-81c0-47a09e5d36ed,https://images.blocketcdn.se/dynamic/default/item/24546693/d790d59c-b1b6-48f5-82ed-b540ce785d11
104,stol,0.20-0.30,0.2388,41186,54303,blocket,blocket,"4 st Senso Living matstolar – snurrbara, beige tyg, svart metall",Skrivbordsstol Kullaberg IKEA,1175.0,200.0,https://images.blocketcdn.se/dynamic/default/item/20286842/26d4b4ca-7ad6-4603-9a6c-dcb0bdf3bde7,https://images.blocketcdn.se/dynamic/default/item/24197913/4a525819-9065-4c3b-9cc1-e7753b27af58
105,stol,0.20-0.30,0.2435,39676,1622,blocket,auctionet,Kontorsstol Gruppspel,"STOLAR, 6st, ek, 1900-talets andra hälft.",1300.0,375.0,https://images.blocketcdn.se/dynamic/default/item/23454023/ff1f04ae-23b0-4045-9b37-63f366efa114,https://images.auctionet.com/thumbs/mini_item_4748509_c0981eec57.jpg
106,stol,0.30-0.45,0.436,36802,43445,blocket,blocket,Matstolar,Metallstol i krom med lila ben,120.0,350.0,https://images.blocketcdn.se/dynamic/default/item/23270578/df3002af-6388-426e-90d0-bae93dcc3b49,https://images.blocketcdn.se/dynamic/default/item/24653957/df0c3f63-52c7-4c7f-80cc-ba9fc6483fc4
107,stol,0.30-0.45,0.3147,87375,93930,blocket,auctionet,"2 positionsstolar med hög rygg, 1 runt bord","Stolar 4 st, ""Lilla Åland"" Stolab. carl malmsten",250.0,1625.0,https://images.blocketcdn.se/dynamic/default/item/24478213/1e535cba-b266-43f1-96dd-96dbc383257c,https://images.auctionet.com/thumbs/mini_item_4405291_5a429a1aae.jpg
108,stol,0.30-0.45,0.4067,85892,42657,blocket,blocket,Grå plaststol med armstöd. 7 st i priset,Stapelbara stolar,64.0,200.0,https://images.blocketcdn.se/dynamic/default/item/22718938/7d4d6f20-b4f6-4382-8cfc-59132ab2e30a,https://images.blocketcdn.se/dynamic/default/item/24082379/72f5a823-1193-4ee3-b0fc-3163768a2a90
109,stol,0.30-0.45,0.353,54800,36386,blocket,blocket,IKEA stol av Ilmari Tapiovaara i trä och svart,Ihopfällbara stolar,200.0,300.0,https://images.blocketcdn.se/dynamic/default/item/23819618/cf95ceb5-6d1a-4561-a59b-2eda14b64097,https://images.blocketcdn.se/dynamic/default/item/23596812/dbc8ed6a-dab6-4d93-9f52-3c18bcc5d214
110,stol,0.30-0.45,0.4106,38735,47678,blocket,blocket,JÄRVFJÄLLET kontorsstol i svart läder nästan som Ny,"Ikea Bergmund barstolar, 3 stycken",995.0,250.0,https://images.blocketcdn.se/dynamic/default/item/24558310/947d8a49-4d28-4591-b4e8-ae823d2a95a9,https://images.blocketcdn.se/dynamic/default/item/23934958/03111179-f671-4ad1-b04d-bf0c55abd501
111,stol,0.45-0.60,0.4846,47175,55173,blocket,blocket,"Vintage pinnstol i massivt trä, troligt Nässjö Stolsfabrik",Antika köksstolar,800.0,400.0,https://images.blocketcdn.se/dynamic/default/item/24528197/c15a3cf2-b4da-4c4f-a933-167f7cb5389d,https://images.blocketcdn.se/dynamic/default/item/23493773/3cf2c08d-8622-46b4-82a5-11a461fabbed
112,stol,0.45-0.60,0.5635,56719,55345,blocket,blocket,Stolar,Fin pinnstol!,500.0,200.0,https://images.blocketcdn.se/dynamic/default/item/23599678/312933f5-b409-42e3-a7ce-dc41abf23837,https://images.blocketcdn.se/dynamic/default/item/23332572/09a053fb-c19a-4fa8-8c5d-9fc411a701eb
113,stol,0.45-0.60,0.5562,53729,85719,blocket,blocket,Matstolar,Svarta utestolar med armstöd,200.0,1200.0,https://images.blocketcdn.se/dynamic/default/item/24501714/a5cc80fb-6103-4399-ace5-334eb1f70e2f,https://images.blocketcdn.se/dynamic/default/item/24459197/0f184923-d90f-4c62-903e-6971a5463fba
114,stol,0.45-0.60,0.4973,88699,92014,blocket,blocket,Brun stor gungstol,Stolar antika,500.0,500.0,https://images.blocketcdn.se/dynamic/default/item/24740483/84a9d31d-4ae5-4913-bfbb-267d25d5a6ba,https://images.blocketcdn.se/dynamic/default/item/24760506/32baf20f-72a2-4f3b-b290-fd25a6358a62
115,stol,0.45-0.60,0.4888,57128,35807,blocket,blocket,"Göran Malmvall - 4st stolar, furu, Svensk Fur",Brafab stolar,375.0,200.0,https://images.blocketcdn.se/dynamic/default/item/24568767/441f959c-dd15-42b3-8668-d151c449a02b,https://images.blocketcdn.se/dynamic/default/item/24487983/ed52561e-0786-4a57-b785-3c74f959f567
116,stol,0.60-0.75,0.6875,42308,13635,blocket,blocket,Svart matstol med träben,Svarta sammetsstolar,200.0,900.0,https://images.blocketcdn.se/dynamic/default/item/22842742/2f1d85cc-b9ff-4e56-b143-211a253fe2df,https://images.blocketcdn.se/dynamic/default/item/23404782/b72f6160-d783-4239-800a-c90296465c6a
117,stol,0.60-0.75,0.6338,51810,91218,blocket,blocket,Kontorsstol / arbetsstol med hög rygg (Sitland spririt executive),Ikea kontorsstol,2200.0,200.0,https://images.blocketcdn.se/dynamic/default/item/23332051/66ec668c-3bcb-4d65-8194-e809e920ce4f,https://images.blocketcdn.se/dynamic/default/item/24746255/8bec223e-8142-41a2-8986-a7fb75d1079a
118,stol,0.60-0.75,0.6387,2540,57577,auctionet,blocket,"STOL, gustavianskt stockholmsarbete, Melchior Lundberg d.ä.:s art, Svenska modellen, träsk",Retro pinnstolar 2 st,3200.0,600.0,https://images.auctionet.com/thumbs/mini_item_5011576_d3466bf8b0.jpg,https://images.blocketcdn.se/dynamic/default/item/23690810/53bfef5f-ef6f-4a61-bb74-39f1abcf2b56
119,stol,0.60-0.75,0.6196,35807,2753,blocket,auctionet,Brafab stolar,"STOLAR 4 stycken, Bauhausmodell, 1900-talets andra hälft.",200.0,1050.0,https://images.blocketcdn.se/dynamic/default/item/24487983/ed52561e-0786-4a57-b785-3c74f959f567,https://images.auctionet.com/thumbs/mini_item_4910970_d9ddc30971.jpg
120,stol,0.60-0.75,0.6353,57022,12562,blocket,blocket,Skrivbordsstol tidigt 1900 tal,LAGERREA! Stol Med Armstöd I Vit Massivt Trä,1500.0,1295.0,https://images.blocketcdn.se/dynamic/default/item/24673734/25e69124-12a8-4fef-83e7-3b0401edc0d2,https://images.blocketcdn.se/dynamic/default/item/22372948/2c685630-2200-4f11-94ef-03792a9b9a46
121,stol,0.75-0.92,0.8555,38735,43395,blocket,blocket,JÄRVFJÄLLET kontorsstol i svart läder nästan som Ny,Datorstol,995.0,300.0,https://images.blocketcdn.se/dynamic/default/item/24558310/947d8a49-4d28-4591-b4e8-ae823d2a95a9,https://images.blocketcdn.se/dynamic/default/item/24677901/807fbe1c-c5aa-4adb-a66e-ee4ae5041572
122,stol,0.75-0.92,0.752,46742,54393,blocket,blocket,Norsktillverkad kontorsstol,Kinnarps / Hydraulisk frisörstol,500.0,290.0,https://images.blocketcdn.se/dynamic/default/item/23311095/f0ec58f1-b507-4c7f-b7ec-22b2fc96f2ec,https://images.blocketcdn.se/dynamic/default/item/24135718/68eb49d7-d8b1-4008-91e6-a32300ae94ba
123,stol,0.75-0.92,0.7749,44706,42370,blocket,blocket,köksstolar,"Trästolar, vita 4st",250.0,50.0,https://images.blocketcdn.se/dynamic/default/item/23679224/4cdb926c-4400-41d5-806c-5ca7b29f14dd,https://images.blocketcdn.se/dynamic/default/item/24387736/30ae7f2e-968d-41fc-9b5d-18fd085ac984
124,stol,0.75-0.92,0.7563,12504,58196,blocket,blocket,NeueChair skrivbordsstol – NY i förpackning,"Herman Miller skrivbordsstol, grå",7000.0,3000.0,https://images.blocketcdn.se/dynamic/default/item/20194841/1b28dbc7-638c-45ec-9278-54f0635225ce,https://images.blocketcdn.se/dynamic/default/item/21185806/dc827ca2-ee86-4ed9-ba81-f21a27e82a8d
125,stol,0.75-0.92,0.8423,36603,47607,blocket,blocket,Kontorsstol från Ikea Renberget,3st kontorsstolar,400.0,233.0,https://images.blocketcdn.se/dynamic/default/item/23558906/5b84ec6f-44c1-4343-9c87-a7c239e2af2a,https://images.blocketcdn.se/dynamic/default/item/17830843/bfd5c09e-d2b5-44fb-937a-db82d2240f32
126,hylla,0.20-0.30,0.2222,9092,62021,auctionet,blocket,"SKÅP, målad furu, 1800-tal.",Vitrinskåp i trä med glasdörr,1000.0,3000.0,https://images.auctionet.com/thumbs/mini_item_5061069_21f730a346.jpg,https://images.blocketcdn.se/dynamic/default/item/21884199/8cdbeb55-7052-47f8-9ca7-2d979bdf1de5
127,hylla,0.20-0.30,0.2198,9453,59808,auctionet,blocket,"BOKHYLLA, Bräntorps Industrier, Nybro, 1960-tal.",Bokhylla Billy,2500.0,700.0,https://images.auctionet.com/thumbs/mini_item_4854193_c4ca9484de.jpg,https://images.blocketcdn.se/dynamic/default/item/24140292/2dc491af-038c-4abb-b8ad-d481cdeaf6f2
128,hylla,0.20-0.30,0.2874,69664,70389,blocket,blocket,Kallax hylla / bokhylla,"Exklusivt vitrinskåp i mahogny, modell K72",200.0,3000.0,https://images.blocketcdn.se/dynamic/default/item/23764336/638be758-14a3-4087-b46a-d017937618a8,https://images.blocketcdn.se/dynamic/default/item/24666990/436fc84d-94c5-4d1a-b57c-fade2403bab1
129,hylla,0.20-0.30,0.2358,71784,72352,blocket,blocket,4 pax garderober i ek färg,Elfa garderobsskåp grå med trädörrkarm,3000.0,350.0,https://images.blocketcdn.se/dynamic/default/item/24187344/009fb7a8-94d0-4c74-b0a4-2009cc0ce731,https://images.blocketcdn.se/dynamic/default/item/23187134/e61a2ce0-b599-49d2-adfe-e243083298e7
130,hylla,0.20-0.30,0.2578,58707,81523,blocket,blocket,Bokhylla Billy ek,"SKÅP /SERVERINGSSKÅP, rokokostil,",450.0,800.0,https://images.blocketcdn.se/dynamic/default/item/24708212/a435408b-7b77-4ba5-92bc-bc3b8382b54e,https://images.blocketcdn.se/dynamic/default/item/23914066/30f30148-d4b6-440e-9b80-9179a93e9b9a
131,hylla,0.30-0.45,0.3513,17918,9098,blocket,auctionet,Vitrinskåp,"HÖRNSKÅP, bemålad, furu, 18/1900-tal.",1000.0,300.0,https://images.blocketcdn.se/dynamic/default/item/23576546/e7d7c1b9-ecf9-4d0a-8069-6802f94387c5,https://images.auctionet.com/thumbs/mini_item_4760265_e72f753800.jpg
132,hylla,0.30-0.45,0.3096,84559,48073,blocket,blocket,Hylla - prydnad förvaring balkong/terass,Runt bord med hylla,700.0,688.0,https://images.blocketcdn.se/dynamic/default/item/21502794/28a6ebe0-91c5-40f9-b626-63c28f81368c,https://images.blocketcdn.se/dynamic/default/item/23277007/7de49da2-bf87-4ff5-b924-a1f5205cbaa6
133,hylla,0.30-0.45,0.3186,68323,61717,blocket,blocket,Skåp förvaringsskåp svart med glasdörr,Porslinsskåp med hyllor och lådor,150.0,2000.0,https://images.blocketcdn.se/dynamic/default/item/21890859/797b0cc3-887e-40ff-a71b-a0cd8cb93a7b,https://images.blocketcdn.se/dynamic/default/item/24611868/7fef8d34-6da9-4b50-90b5-307eb47671b2
134,hylla,0.30-0.45,0.3738,60848,63795,blocket,blocket,Vägg hyllor,Hylla ekenabben,40.0,250.0,https://images.blocketcdn.se/dynamic/default/item/23318587/b81cb0a9-e8f2-43bd-8816-4bde4d1c61e0,https://images.blocketcdn.se/dynamic/default/item/24011603/2d43ed5f-776c-4971-8db3-61b244abfcc5
135,hylla,0.30-0.45,0.3711,61612,76953,blocket,blocket,Bokhylla Nordform,Vitrinskåp,1500.0,600.0,https://images.blocketcdn.se/dynamic/default/item/18754437/41d43e75-0051-4fe0-8474-9be2eae9ba28,https://images.blocketcdn.se/dynamic/default/item/24625257/b5b0159c-63df-4d5f-a819-c8175c2d7904
136,hylla,0.45-0.60,0.4697,14426,62722,blocket,blocket,Skohylla,Hatthylla + skohylla,100.0,400.0,https://images.blocketcdn.se/dynamic/default/item/23373251/655d26af-943d-4b4f-ba29-1c9d0dfc5662,https://images.blocketcdn.se/dynamic/default/item/24608881/975e645c-9dd2-4d50-8817-42d25fb2ef7d
137,hylla,0.45-0.60,0.5674,62558,68654,blocket,blocket,2 st IKEA Billy Bokhyllor av äldre modell.,hylla säljes,175.0,30.0,https://images.blocketcdn.se/dynamic/default/item/24663533/c9f162c7-d8d6-4058-9405-163a674d55b3,https://images.blocketcdn.se/dynamic/default/item/19849546/951b1e52-62b1-4c1f-ac1d-a68b6afca67f
138,hylla,0.45-0.60,0.5405,67055,72739,blocket,blocket,Linneskåp swedish modern 50-tal,Klädskåp,1500.0,1000.0,https://images.blocketcdn.se/dynamic/default/item/23774346/d53c124a-500e-4bcc-b0c4-6f32f3896301,https://images.blocketcdn.se/dynamic/default/item/24250467/42121aa8-16ee-4f80-9dd7-f07940ee1119
139,hylla,0.45-0.60,0.4631,65249,69711,blocket,blocket,IKEA Kallax hyllor i björk,Hörnvitrinskåp från IKEA,800.0,300.0,https://images.blocketcdn.se/dynamic/default/item/24487752/ed8c3215-6c81-4282-af84-5311781a8381,https://images.blocketcdn.se/dynamic/default/item/23691726/0e79c691-d507-44ed-b67e-db9fc3c9419e
140,hylla,0.45-0.60,0.5723,62558,66504,blocket,blocket,2 st IKEA Billy Bokhyllor av äldre modell.,IKEA vitrinskåp i furu med glasdörrar,175.0,999.0,https://images.blocketcdn.se/dynamic/default/item/24663533/c9f162c7-d8d6-4058-9405-163a674d55b3,https://images.blocketcdn.se/dynamic/default/item/24624968/3f3d7630-3336-441e-9e8e-d7fee24ba599
141,hylla,0.60-0.75,0.6899,76953,9123,blocket,auctionet,Vitrinskåp,"SKÅP, furu, Sverige, 1900-talets andra hälft.",600.0,300.0,https://images.blocketcdn.se/dynamic/default/item/24625257/b5b0159c-63df-4d5f-a819-c8175c2d7904,https://images.auctionet.com/thumbs/mini_item_4825766_8b15fd0b24.jpg
142,hylla,0.60-0.75,0.6572,69080,92407,blocket,blocket,Hylla/hatthylla,Bokhylla från Mio,75.0,300.0,https://images.blocketcdn.se/dynamic/default/item/24235347/25bd249f-9f53-4f96-bb71-7794137c7f39,https://images.blocketcdn.se/dynamic/default/item/24747961/a7b9a5b3-320b-4e02-9ff0-5de6c7e34b05
143,hylla,0.60-0.75,0.6694,9354,8647,auctionet,auctionet,"BOKHYLLA, 2 delar, MTP-serien, Ikea, 1960-tal. marian grabinski","BOKSKÅP, nyrenässans, 1800-tal.",1124.0,5000.0,https://images.auctionet.com/thumbs/mini_item_4744553_a8898ce2e2.jpg,https://images.auctionet.com/thumbs/mini_item_4832413_58d5673c92.jpg
144,hylla,0.60-0.75,0.7075,9276,8561,auctionet,auctionet,"VITRINSKÅP, vitlaserad, glasade dörrar med bakomliggande hyllplan i glas, månformat krön, ","VITRINSKÅP, 1900-tal, mahogny, glasade sidor, dörr med spröjs, benställning med skuren dek",7003.0,2500.0,https://images.auctionet.com/thumbs/mini_item_4797774_0388f6b147.jpg,https://images.auctionet.com/thumbs/mini_item_4818201_0fe0bcfbec.jpg
145,hylla,0.60-0.75,0.6523,60384,68410,blocket,blocket,Hylla 140x50,Äldre bokhylla IKEA Markör,500.0,300.0,https://images.blocketcdn.se/dynamic/default/item/23719721/1d535422-48e1-4311-9744-ee68dcf68c9a,https://images.blocketcdn.se/dynamic/default/item/24611549/2f3dd27f-13fe-4828-b2e2-8fbbba6f881a
146,hylla,0.75-0.92,0.7515,8102,9453,auctionet,auctionet,"BOKHYLLOR, 3 sektioner, 1900-talets mitt, teak.","BOKHYLLA, Bräntorps Industrier, Nybro, 1960-tal.",1927.0,2500.0,https://images.auctionet.com/thumbs/mini_item_4883751_14affeb585.jpg,https://images.auctionet.com/thumbs/mini_item_4854193_c4ca9484de.jpg
147,hylla,0.75-0.92,0.8828,59811,58707,blocket,blocket,Bokhylla Billy,Bokhylla Billy ek,200.0,450.0,https://images.blocketcdn.se/dynamic/default/item/24136765/72294ffe-1519-4fee-870d-d74d9d746ac7,https://images.blocketcdn.se/dynamic/default/item/24708212/a435408b-7b77-4ba5-92bc-bc3b8382b54e
148,hylla,0.75-0.92,0.75,8025,89789,auctionet,blocket,"BOKHYLLA, teak, 1950/1960-tal.",Billy bokhylla,3200.0,50.0,https://images.auctionet.com/thumbs/mini_item_4915940_69bf117260.jpg,https://images.blocketcdn.se/dynamic/default/item/24733467/0406be9b-1302-4b9f-8ad9-3bbb2f6bbd09
149,hylla,0.75-0.92,0.8071,72853,13967,blocket,blocket,IKEA HÖRDA SKÅP,Bokhylla JYSK RUDERSDAL,50.0,500.0,https://images.blocketcdn.se/dynamic/default/item/22233120/8b6bb96d-1245-4a4c-8b33-1aa16ab0a072,https://images.blocketcdn.se/dynamic/default/item/24424542/2164baae-0fc7-473d-88f5-2b0b7234098a
150,hylla,0.75-0.92,0.8711,8706,9833,auctionet,auctionet,"BOKSKÅP, ek, jugend, 1900-talets första hälft.","Vitrinskåp, ""Krus"", Westbergs möbler, Tranås., tvådelat, underskåp med infälld dekor. yngv",2850.0,3850.0,https://images.auctionet.com/thumbs/mini_item_4891499_d617d1714b.jpg,https://images.auctionet.com/thumbs/mini_item_5039706_819d53c894.jpg
151,byrå,0.20-0.30,0.2756,14322,92342,blocket,blocket,Oöppnad Byrå/skänk i Furu 80 cm,Två fina sängbord i metall.,1800.0,350.0,https://images.blocketcdn.se/dynamic/default/item/20493375/76a17bb8-8692-4dd5-a0c8-c953ae013b67,https://images.blocketcdn.se/dynamic/default/item/22782140/3cdb1857-a0e2-4200-902c-2de6f76d70bf
152,byrå,0.20-0.30,0.2302,11359,5023,auctionet,auctionet,"BYRÅ, gråmålad, trä, gustaviansk stil.","SÄNGBORD, med låda, ek, 2000-tal.",3500.0,950.0,https://images.auctionet.com/thumbs/mini_item_5024395_51bad831e8.jpg,https://images.auctionet.com/thumbs/mini_item_5033137_cd23f22e43.jpg
153,byrå,0.20-0.30,0.2649,8549,62877,auctionet,blocket,"SIDEBOARD, George III, omkring 1800, fanerat i mahogny, intarsiadekor, beslag i mässing, 5",Sängbord,2000.0,200.0,https://images.auctionet.com/thumbs/mini_item_4905192_051998d77e.jpg,https://images.blocketcdn.se/dynamic/default/item/24550885/f886c260-a5a3-4da2-a50a-6995c2c0c936
154,byrå,0.20-0.30,0.262,42268,66488,blocket,blocket,Skrivbord och 3-lådor Byrå,"Byrå,retro,funkis,deco 40-tal ,antik",200.0,1750.0,https://images.blocketcdn.se/dynamic/default/item/24493374/64515759-7eac-4267-af85-1b2d716dc79b,https://images.blocketcdn.se/dynamic/default/item/24641637/6f69833a-fc74-4c02-9c06-e5a2e42d24db
155,byrå,0.20-0.30,0.2766,8856,69510,auctionet,blocket,"SIDEBOARD, björk, 1900-talets första hälft.",Liten byrå i furu med 4 st lådor,300.0,62.0,https://images.auctionet.com/thumbs/mini_item_4723649_eaf3b1530d.jpg,https://images.blocketcdn.se/dynamic/default/item/23880266/728e72cb-5119-4733-990f-47f76d04f1ff
156,byrå,0.30-0.45,0.3308,65599,11232,blocket,auctionet,Sängbord i trä med låda,"BYRÅ, 1900-talets mitt.",500.0,2800.0,https://images.blocketcdn.se/dynamic/default/item/24178870/3a44126c-7d45-4729-9ecb-dae2976af740,https://images.auctionet.com/thumbs/mini_item_4794911_636cd55b9c.jpg
157,byrå,0.30-0.45,0.3293,6408,61686,auctionet,blocket,"SÄNGBORD, 1900-talets första hälft.",Skänk,2700.0,3000.0,https://images.auctionet.com/thumbs/mini_item_4834424_ea655f662a.jpg,https://images.blocketcdn.se/dynamic/default/item/24666236/150c03e4-8f2a-45f2-8da4-61cd998bb3eb
158,byrå,0.30-0.45,0.3657,58730,62656,blocket,blocket,Sängbord Fornby,Sideboard i svart stål,350.0,200.0,https://images.blocketcdn.se/dynamic/default/item/24701824/122d3936-a7c6-4051-8af7-f3fca85b7d34,https://images.blocketcdn.se/dynamic/default/item/21357355/79eb7cd7-e16b-4096-9630-af56e5eb8a35
159,byrå,0.30-0.45,0.3052,11461,821,auctionet,auctionet,"BYRÅ, med stenskiva, rokokostil, 1900-tal.","SÄNGBORD, 1 par, 1900-talets mitt, gråmålade, låda, tidningshylla.",400.0,850.0,https://images.auctionet.com/thumbs/mini_item_4837504_e27f8d35ee.jpg,https://images.auctionet.com/thumbs/mini_item_4770858_e194f17492.jpg
160,byrå,0.30-0.45,0.355,9974,10453,auctionet,auctionet,"SKÄNK, 1800-tal, front och sidostycken med dörrblad med dekor av romber med dekorationsmål","BYRÅ, 4-lådig, fanerad i teak, 1900-talets andra hälft.",8595.0,607.0,https://images.auctionet.com/thumbs/mini_item_5226471_fb63d4ebfd.jpg,https://images.auctionet.com/thumbs/mini_item_5224077_7760636b13.jpg
161,byrå,0.45-0.60,0.4675,10546,81521,auctionet,blocket,"BYRÅ, mahogny, gustaviansk stil, 1900-talets mitt.",Byrå i trä med dekorativa intarsiadetaljer,450.0,3500.0,https://images.auctionet.com/thumbs/mini_item_4982344_559ea1c4d9.jpg,https://images.blocketcdn.se/dynamic/default/item/23915043/29e2036f-d5de-49a7-b24b-ad703c1e06c1
162,byrå,0.45-0.60,0.4705,89492,11204,blocket,auctionet,Koppang byrå - IKEA (svartbrun),"SÄNGBORD, 2 st, engelsk stil, 1900-talets andra hälft.",1300.0,350.0,https://images.blocketcdn.se/dynamic/default/item/24742829/420dc269-c918-4c93-80cd-cceade5ed132,https://images.auctionet.com/thumbs/mini_item_4852038_ca4992e870.jpg
163,byrå,0.45-0.60,0.5669,61334,58730,blocket,blocket,Två stycken sängbord,Sängbord Fornby,1800.0,350.0,https://images.blocketcdn.se/dynamic/default/item/24253821/16a0986b-126c-4507-aa2e-edfbe13778d8,https://images.blocketcdn.se/dynamic/default/item/24701824/122d3936-a7c6-4051-8af7-f3fca85b7d34
164,byrå,0.45-0.60,0.5654,89429,89815,blocket,blocket,"MALM Byrå med 4 lådor, vit till salu (den andra)","Vit byrå, 3 lådor",550.0,150.0,https://images.blocketcdn.se/dynamic/default/item/24744434/14e67900-8433-40e4-82f5-2f023bf4c6f6,https://images.blocketcdn.se/dynamic/default/item/24725158/5fc2d379-09dc-4dd9-9388-68e172b6ea85
165,byrå,0.45-0.60,0.5796,10593,10577,auctionet,auctionet,"BYRÅ, 3-lådig, mahogny och björk, Swedish modern, Svensk möbelindustri, 1940-tal.","BYRÅ Gustaviansk stil, mahogny, intasiadekor, 1900-talets första hälft. (Tidigare Provenie",3802.0,1600.0,https://images.auctionet.com/thumbs/mini_item_4923236_538df6bdc0.jpg,https://images.auctionet.com/thumbs/mini_item_4816270_7d3bb8251b.jpg
166,byrå,0.60-0.75,0.6211,64308,14113,blocket,blocket,&Tradition sängbord / sidobord svart med låda,Sängbord,350.0,1000.0,https://images.blocketcdn.se/dynamic/default/item/23519552/a26a8c43-c042-4ab6-9956-0158b03fbb71,https://images.blocketcdn.se/dynamic/default/item/24131837/4571666a-6372-436f-91f8-d8d019bbc971
167,byrå,0.60-0.75,0.6587,11300,10577,auctionet,auctionet,"BYRÅ, snidat trä, landskap & figurscener, orientalisk stil, 1900-tal.","BYRÅ Gustaviansk stil, mahogny, intasiadekor, 1900-talets första hälft. (Tidigare Provenie",500.0,1600.0,https://images.auctionet.com/thumbs/mini_item_4971565_7258b374eb.jpg,https://images.auctionet.com/thumbs/mini_item_4816270_7d3bb8251b.jpg
168,byrå,0.60-0.75,0.7358,67618,69638,blocket,blocket,Byrå i rokokostil 1900 tal,Byrå,2000.0,200.0,https://images.blocketcdn.se/dynamic/default/item/20719713/036292a1-3de2-4fc1-9eb8-77111613b23d,https://images.blocketcdn.se/dynamic/default/item/23784819/d2c8d0ad-77b7-49aa-b2e8-0a15333dffa8
169,byrå,0.60-0.75,0.6519,10464,89777,auctionet,blocket,"BYRÅ, teakfanér, 1950/60-tal.",byrå i gustaviansk stil,350.0,2000.0,https://images.auctionet.com/thumbs/mini_item_4776607_5a20c96d3e.jpg,https://images.blocketcdn.se/dynamic/default/item/23018710/9dd4fe64-aa10-4d3c-b298-a92962f8b621
170,byrå,0.60-0.75,0.6089,11044,61410,auctionet,blocket,"BYRÅ, välvd front, 4 lådor, fanérat trä, mässingsbeslag, 1800-tal.",Byrå/Sängbord,1800.0,1500.0,https://images.auctionet.com/thumbs/mini_item_4894796_168575d3f1.jpg,https://images.blocketcdn.se/dynamic/default/item/24078412/5d0c7554-cf8d-447f-b5ef-2e34f79e8439
171,byrå,0.75-0.92,0.8301,11065,11258,auctionet,auctionet,"BYRÅ Rokokostil, 1900-talets andra hälft.","BYRÅ, med stenskiva, rokokostil.",450.0,500.0,https://images.auctionet.com/thumbs/mini_item_4924871_eb70fb9f6f.jpg,https://images.auctionet.com/thumbs/mini_item_4764322_dee4f7d09d.jpg
172,byrå,0.75-0.92,0.79,210,6407,auctionet,auctionet,"SÄNGBORD, 1 par, ek, 1900 - talets andra hälft.","SÄNGBORD, funkis, 1900-talets mitt.",800.0,300.0,https://images.auctionet.com/thumbs/mini_item_4720351_35e7d6bdb3.jpg,https://images.auctionet.com/thumbs/mini_item_4821720_1c9424d301.jpg
173,byrå,0.75-0.92,0.7808,69638,92418,blocket,blocket,Byrå,Byrå,200.0,900.0,https://images.blocketcdn.se/dynamic/default/item/23784819/d2c8d0ad-77b7-49aa-b2e8-0a15333dffa8,https://images.blocketcdn.se/dynamic/default/item/24771251/cc6b7227-17db-44c9-9972-2dab91de66b6
174,byrå,0.75-0.92,0.876,11036,11070,auctionet,auctionet,"BYRÅ, sengustaviansk, bronserade beslag, lådkanter, ben och sidostycken med mässingsdetalj","BYRÅ, 1900-talets mitt.",4700.0,1000.0,https://images.auctionet.com/thumbs/mini_item_5044077_b165cef452.png,https://images.auctionet.com/thumbs/mini_item_4748529_7d5c1650bf.jpg
175,byrå,0.75-0.92,0.7803,69169,65649,blocket,blocket,Byrå,Byrå,100.0,500.0,https://images.blocketcdn.se/dynamic/default/item/24171847/c8885350-7660-4c34-8e85-a09a200345f7,https://images.blocketcdn.se/dynamic/default/item/24108868/691e62c1-a1c6-4740-8da1-acf709c5a314
176,säng,0.20-0.30,0.2014,73282,90245,blocket,blocket,Barnsäng Juniorsäng,Säng säljes - Uppsala,400.0,800.0,https://images.blocketcdn.se/dynamic/default/item/22701550/67696213-c619-46fb-be1e-3659b3072d1a,https://images.blocketcdn.se/dynamic/default/item/24731031/c78f45d5-4444-4a7c-b318-93ca0ec7593f
177,säng,0.20-0.30,0.2742,20387,20002,blocket,blocket,Kontinentalsäng 140,Jensen sänggavel i trä med sängbord,5000.0,500.0,https://images.blocketcdn.se/dynamic/default/item/23417142/460cd5b9-42d4-423e-873d-11eab82d851e,https://images.blocketcdn.se/dynamic/default/item/23741640/02693c56-76ee-41f9-9140-ca951a7f7748
178,säng,0.20-0.30,0.2988,18785,75247,blocket,blocket,Elegant sänggavel i väldigt fint skick,Mio kontinentalsäng / enkelsäng – fint skick (OEKO-TEX),1450.0,1000.0,https://images.blocketcdn.se/dynamic/default/item/24526809/5a8e1cf6-1d8a-4760-b3a2-69bae6344c73,https://images.blocketcdn.se/dynamic/default/item/23451491/52c616ff-b63a-4e40-90e8-13d244ad81f5
179,säng,0.20-0.30,0.2739,73316,75718,blocket,blocket,EN BRA SÄNG MED TVÅ DELAR PLUS EN BÄDDMADRASS,Loftsäng Oliver Furniture,950.0,6000.0,https://images.blocketcdn.se/dynamic/default/item/24671761/c25565ef-4dcf-4ca2-9966-b1c8a072030d,https://images.blocketcdn.se/dynamic/default/item/23868365/6dc6e6c8-c45f-4ad4-a2b0-de1d0ba819be
180,säng,0.20-0.30,0.2808,76154,18800,blocket,blocket,IKEA säng med 2 st bäddmadrasser,IKEA säng med förvaring och sänggavel,250.0,1600.0,https://images.blocketcdn.se/dynamic/default/item/21985214/96633e60-ddcf-46ef-a335-cfcb5538d353,https://images.blocketcdn.se/dynamic/default/item/24518083/e9706352-75c6-460f-a8ee-599fd99511b0
181,säng,0.30-0.45,0.3545,77175,73124,blocket,blocket,Sänggavel,IKEA UTÅKER stapelbara sängar 80x200,500.0,600.0,https://images.blocketcdn.se/dynamic/default/item/24537753/5d30a568-1bb8-4c08-811a-bac1be74ef5e,https://images.blocketcdn.se/dynamic/default/item/24717734/f463ca5b-8854-44d3-b5fa-37b5a35cbd1d
182,säng,0.30-0.45,0.3411,74540,19414,blocket,blocket,IKEA flaxa sängram med förvaring (finns 2 stycken),Hästens säng blåvit rutigt tyg med ben,75.0,6000.0,https://images.blocketcdn.se/dynamic/default/item/24097455/7ed598ae-5c6c-4cc5-b06a-62c604018913,https://images.blocketcdn.se/dynamic/default/item/24175195/634232e4-5927-4781-9ac8-323f2e367286
183,säng,0.30-0.45,0.343,20012,74037,blocket,blocket,Mio kontinentalsäng 120x200 grå,"IKEA Släkt Sängram med undersäng och förvaring, vit",7500.0,2000.0,https://images.blocketcdn.se/dynamic/default/item/23730830/3762f8ad-7508-44df-a892-ba5c960be90a,https://images.blocketcdn.se/dynamic/default/item/24426511/e7de87bd-58f0-4326-aa54-b57b189fee93
184,säng,0.30-0.45,0.3076,92943,74996,blocket,blocket,Säng 90.200,Sänggavel 190,500.0,500.0,https://images.blocketcdn.se/dynamic/default/item/24770196/3dc6244e-2992-4ab1-a3e1-1fb6d742d1ca,https://images.blocketcdn.se/dynamic/default/item/23710250/b9ee3a3d-4817-49e9-8331-89da34c635d1
185,säng,0.30-0.45,0.3572,73679,73291,blocket,blocket,Sänggavel kryss vit,Säng med sänggavel och förvaring svart/röd,1500.0,500.0,https://images.blocketcdn.se/dynamic/default/item/24571995/43ca9f18-d29e-4a09-a1e3-49ec13a93d1a,https://images.blocketcdn.se/dynamic/default/item/24677750/8721b5f5-6871-448e-a4dd-b7e9709586bb
186,säng,0.45-0.60,0.4954,19522,75150,blocket,blocket,IKEA säng med resårbotten och bäddmadrass,Mio sänggavel grå textil,1995.0,1000.0,https://images.blocketcdn.se/dynamic/default/item/24102613/99bed83d-f3e6-417b-bfe6-baefb426ebf0,https://images.blocketcdn.se/dynamic/default/item/21758610/1c3a522d-2fd0-42d3-9e43-486b512afb93
187,säng,0.45-0.60,0.5474,75545,18221,blocket,blocket,Grå säng,Komplett IKEA dubbelsäng 180×200 med madrass & bäddmadrass,5000.0,6500.0,https://images.blocketcdn.se/dynamic/default/item/24573906/3199be92-9491-4b62-be9f-94a6f5b6f97a,https://images.blocketcdn.se/dynamic/default/item/24710689/0669416b-6a92-4710-9699-7d160d89327c
188,säng,0.45-0.60,0.5977,74786,75341,blocket,blocket,Vit enkelsäng med gavlar 90x200,2 st 90 sängar med madrass,200.0,1500.0,https://images.blocketcdn.se/dynamic/default/item/23911025/c7bdaf2c-99b2-4c26-86a5-6a0ea6a7412c,https://images.blocketcdn.se/dynamic/default/item/23344242/10d04c2e-e982-47d6-b6cc-03df43419331
189,säng,0.45-0.60,0.5098,93328,79238,blocket,blocket,IKEA Nordli vit sänggavel ca 130x84cm,Sänggavel 92 cm,250.0,400.0,https://images.blocketcdn.se/dynamic/default/item/24769063/0ecc080f-9fdc-44d7-bda3-6bda0de5c0d8,https://images.blocketcdn.se/dynamic/default/item/23176330/b4e6e22a-809e-4112-b6ab-0f5351f38fc0
190,säng,0.45-0.60,0.4558,74400,73394,blocket,blocket,Troll nursery juniorsäng Royal vit,IKEA säng med madrass vit,250.0,3000.0,https://images.blocketcdn.se/dynamic/default/item/17720845/af9e5cb0-2a5a-4e6f-bec8-71eaba6b80df,https://images.blocketcdn.se/dynamic/default/item/24651262/204f20e0-4352-413d-bc66-5644bbad9a4f
191,säng,0.60-0.75,0.6978,76571,76558,blocket,blocket,IKEA sänggavel svart textil,Mio sänggavel tyg mörkgrå,150.0,550.0,https://images.blocketcdn.se/dynamic/default/item/21772625/190798dc-fcf5-4fc2-bb2d-b283e735037f,https://images.blocketcdn.se/dynamic/default/item/23543197/ce1f9ab9-68a9-4f89-b4db-700697993f00
192,säng,0.60-0.75,0.6074,18354,74282,blocket,blocket,IKEA säng Skotterud med bäddmadrass Tustna,IKEA Skotterud säng/madrass 140x200,2900.0,1500.0,https://images.blocketcdn.se/dynamic/default/item/22479212/88862fff-7ff6-43fb-b426-e1fcdaf0703c,https://images.blocketcdn.se/dynamic/default/item/24174574/7b720218-c9f9-41b3-b6ba-86196a6b87fb
193,säng,0.60-0.75,0.7402,19217,73880,blocket,blocket,Jensen säng 120x200 med Bamboo-bäddmadrass – mycket fint skick,IKEA säng med madrass grå,3500.0,2000.0,https://images.blocketcdn.se/dynamic/default/item/24314978/3722e2bb-50ec-47d3-abc5-62bb7314f9e2,https://images.blocketcdn.se/dynamic/default/item/24499031/bec3f2aa-a18a-445c-a376-f5762e0cdce8
194,säng,0.60-0.75,0.6572,20347,19354,blocket,blocket,SOVA Kontinentalsäng Antracit 160x200cm,IKEA Tonstad sängram med resårmadrass 90x200 brun,16000.0,4000.0,https://images.blocketcdn.se/dynamic/default/item/17651125/d633d367-bc91-46e8-bbdd-83e8366d22fd,https://images.blocketcdn.se/dynamic/default/item/24208903/3e0cbf13-de38-4582-8dfb-e7920d7d843c
195,säng,0.60-0.75,0.6113,75549,73313,blocket,blocket,Viking Beds säng med gavel,Vit sängram 120× 200,5000.0,1000.0,https://images.blocketcdn.se/dynamic/default/item/24626420/af538143-b159-4e91-8cb6-f4bfe44da10c,https://images.blocketcdn.se/dynamic/default/item/24672306/b17982d4-267b-4a59-ac4c-0bf70a0dc6d0
196,säng,0.75-0.92,0.7886,19556,75249,blocket,blocket,Beige sänggavel,Sänggavel till 180 säng,1000.0,1200.0,https://images.blocketcdn.se/dynamic/default/item/24077396/4bb76b6d-c41a-420e-915e-7e157367d15f,https://images.blocketcdn.se/dynamic/default/item/23450493/7d6df00b-6d75-4bec-ae49-84a747f58387
197,säng,0.75-0.92,0.7544,75383,19851,blocket,blocket,Bekväm Säng i 120 finnes här!,Hästens ställbar säng 105x210cm rutigt tyg be ngt,3000.0,32000.0,https://images.blocketcdn.se/dynamic/default/item/23302485/73d5b90a-c4e2-4f56-9547-1e4c9988fe26,https://images.blocketcdn.se/dynamic/default/item/23851644/73eda52c-981a-4ffc-83a8-03b295e09799
198,säng,0.75-0.92,0.7661,74854,75070,blocket,blocket,säng från mio,IKEA sängram / sängstomme Malm,2500.0,800.0,https://images.blocketcdn.se/dynamic/default/item/23846177/17d147eb-eba3-4d4f-9868-d5c94c6158a6,https://images.blocketcdn.se/dynamic/default/item/21919154/869efdb5-c356-45da-9cce-15acca3b4470
199,säng,0.75-0.92,0.8481,19003,76526,blocket,blocket,Sänggavel,Sänggavel 90 mörkgrå textil,600.0,500.0,https://images.blocketcdn.se/dynamic/default/item/24428079/7595ec35-a1e0-4e03-86e3-abaa19f92303,https://images.blocketcdn.se/dynamic/default/item/21977470/d8bb6485-83ee-41b5-a434-044d8290922e
200,säng,0.75-0.92,0.7642,93129,19979,blocket,blocket,Sänggavel i linnetyg till 140-säng,TEMPUR Form sänggavel Warm stone,150.0,5000.0,https://images.blocketcdn.se/dynamic/default/item/24753191/a6b250ca-439f-47af-9f26-fa044447ea28,https://images.blocketcdn.se/dynamic/default/item/23758083/eeb4aa50-0eac-4862-9907-5ab74109ed4a
