cell,n,spread,kant,pris,rubrik
|okand|dokument,26,1136.4,dyrast,149000.0,"Helt lager Kassaskåp, värde-, dokument mm-95 st -50-85%"
|okand|dokument,26,1136.4,dyrast,125000.0,"Helt lager Kassaskåp, värde-, dokument -90st -ca 90% rabat"
|okand|dokument,26,1136.4,dyrast,125000.0,"Helt lager Kassaskåp, värde-, dokument -90st ca 90% rabatt"
|okand|dokument,26,1136.4,dyrast,99000.0,"Helt lager Kassaskåp, värde, dokument -80st ca 95% rabatt"
|okand|dokument,26,1136.4,dyrast,99000.0,"Kassaskåp, värde-, dokument -Lager ev AB -80st ca 95%rabat"
|okand|dokument,26,1136.4,billigast,20.0,Dokument sorterare
|okand|dokument,26,1136.4,billigast,100.0,Förvaringslådor och tidskriftssamlare i beige textil. Kontoret.Dokument.Papper
|okand|dokument,26,1136.4,billigast,140.0,Dokument förvaring
|okand|dokument,26,1136.4,billigast,300.0,Dokument förstörare
|okand|dokument,26,1136.4,billigast,500.0,"Dokument, verktygsskåp"
|okand|liter,42,523.8,dyrast,52375.0,BETONGBLANDARE 800 liter - Hydraulisk med Pallgaffelställ
|okand|liter,42,523.8,dyrast,52375.0,BETONGBLANDARE 800 liter - Hydraulisk med Pallgaffelställ
|okand|liter,42,523.8,dyrast,52375.0,BETONGBLANDARE 800 liter - Hydraulisk med Pallgaffelställ
|okand|liter,42,523.8,dyrast,52375.0,BETONGBLANDARE 800 liter - Hydraulisk med Pallgaffelställ
|okand|liter,42,523.8,dyrast,23500.0,Frysskåp Gamma 250 SN CA – 1028 liter
|okand|liter,42,523.8,billigast,10.0,Flyttlådor Large 75 liter
|okand|liter,42,523.8,billigast,65.0,Pedalhink (8 liter)
|okand|liter,42,523.8,billigast,100.0,Pedalhink 3 liter
|okand|liter,42,523.8,billigast,100.0,Sänglåda med hjul och lock 55 liter 78x49x20 cm
|okand|liter,42,523.8,billigast,116.0,"antik art deco munblåst kanna med etsat motiv blommor 0,65 liter"
|okand|piano,21,320.0,dyrast,36000.0,Piano / Flygel - Spegelblank Chippendale
|okand|piano,21,320.0,dyrast,32000.0,Piano / Flygel - Spegelblank Chippendale
|okand|piano,21,320.0,dyrast,7000.0,fåtöljen piano
|okand|piano,21,320.0,dyrast,4750.0,"Piano Sauter, 60-tals möbel"
|okand|piano,21,320.0,dyrast,4000.0,Unikt Cremona Piano Bar i svart trä handmade
|okand|piano,21,320.0,billigast,100.0,Fint Malmsjö Piano Bortskänkes.
|okand|piano,21,320.0,billigast,100.0,Piano bortskänktes
|okand|piano,21,320.0,billigast,100.0,piano skänkes
|okand|piano,21,320.0,billigast,100.0,piano och sminkbord
|okand|piano,21,320.0,billigast,250.0,"PIANO/VERKSTADSPALL, nyrenässans."
|okand|bords,27,249.0,dyrast,36000.0,bords ljusstakar empire
|okand|bords,27,249.0,dyrast,25500.0,"Helt nytt köks bords, hand byggd av bordsherren( Stigtomta)"
|okand|bords,27,249.0,dyrast,4900.0,Ett par Luxus Trombo Bords / Fönsterlampor med glasfot
|okand|bords,27,249.0,dyrast,1599.0,Bords fotogenlampa för salong 1890-tal i Mässing o Glas
|okand|bords,27,249.0,dyrast,1000.0,Bords utemöbler
|okand|bords,27,249.0,billigast,64.0,Bords/ trädgårdsdekorationer i plåt var. färger/ storle
|okand|bords,27,249.0,billigast,68.0,2 st bords/fönsterlampor som nya
|okand|bords,27,249.0,billigast,100.0,bords skiva
|okand|bords,27,249.0,billigast,130.0,Retro/ vintage röd FM bords radio i 50-talsstil
|okand|bords,27,249.0,billigast,144.0,bords lammpor
|okand|ugn,20,221.5,dyrast,259900.0,Cabby 740 Caienna 2014 Skinnsoffa Tvärställd Queensbed Ugn
|okand|ugn,20,221.5,dyrast,65000.0,Bagari och multiplikation ugn 3Deck +Jässkåp
|okand|ugn,20,221.5,dyrast,62500.0,"Kylbänkar/-skåp, juicepress, ugn m.m."
|okand|ugn,20,221.5,dyrast,24995.0,Helt Kök! köksskåp Spishäll Ugn Micro
|okand|ugn,20,221.5,dyrast,15000.0,"Gaggenau ugn, mikro och fläkt med vit köksinredning samt Siemens häll"
|okand|ugn,20,221.5,billigast,100.0,Campingstolar/UGN
|okand|ugn,20,221.5,billigast,350.0,Bänkspis med ugn
|okand|ugn,20,221.5,billigast,400.0,"Bänkspis, ugn av märket Waves"
|okand|ugn,20,221.5,billigast,420.0,Fasett bänkspis med ugn.
|okand|ugn,20,221.5,billigast,480.0,Bänkspis med ugn
|okand|marbodal,81,220.0,dyrast,49000.0,"Utställningskök - Köksö med bänkskiva i komposit, Marbodal"
|okand|marbodal,81,220.0,dyrast,43290.0,Marbodal - Skjutdörrsgarderob valnöt utställning
|okand|marbodal,81,220.0,dyrast,35000.0,Utställning Marbodal Form Hav
|okand|marbodal,81,220.0,dyrast,29995.0,MARBODAL PREMIUMKÖK M. ACACIABÄNKSKIVOR HUSQVARNA VITVAROR
|okand|marbodal,81,220.0,dyrast,22000.0,Marbodal utställningsex. skjutdörrsgarderob med inredning
|okand|marbodal,81,220.0,billigast,40.0,Handtag Marbodal
|okand|marbodal,81,220.0,billigast,70.0,Köksluckor Marbodal Ballingslöv Vita Spegelram
|okand|marbodal,81,220.0,billigast,75.0,Köksluckor Marbodal Ballingslöv Vita Spegelram
|okand|marbodal,81,220.0,billigast,100.0,Marbodal köksskåp front
|okand|marbodal,81,220.0,billigast,100.0,Marbodal garderobsinredning
|okand|akvarium,35,200.1,dyrast,20000.0,akvarium möbel 720l
|okand|akvarium,35,200.1,dyrast,12345.0,Aquael Akvarium Med Möbel Säljes
|okand|akvarium,35,200.1,dyrast,9000.0,Akvarium ca 750l inkl möbel
|okand|akvarium,35,200.1,dyrast,8500.0,Akvarium 720 l inkl akvariebänk.
|okand|akvarium,35,200.1,dyrast,6800.0,Red Sea Reefer 250L V3 Vit Akvarium/Sump/Möbel/Returpump
|okand|akvarium,35,200.1,billigast,50.0,Fin snäcka heminredning akvarium kägelsnäcka
|okand|akvarium,35,200.1,billigast,50.0,Stor snäcka för inredning akvarium leopardkägelsnäcka
|okand|akvarium,35,200.1,billigast,50.0,Vacker snäcka heminredning akvarium snäckskal
|okand|akvarium,35,200.1,billigast,200.0,"AKVARIUM samt möbel, hörnmodell."
|okand|akvarium,35,200.1,billigast,250.0,110l akvarium med möbel
lammhults|bunt:okand_bastyp|,26,169.1,dyrast,20000.0,Lammhults soffor och fåtöljer
lammhults|bunt:okand_bastyp|,26,169.1,dyrast,15000.0,Lammhults soffor och fåtöljer
lammhults|bunt:okand_bastyp|,26,169.1,dyrast,14000.0,tv bänk /hylla från Svensson i Lammhults
lammhults|bunt:okand_bastyp|,26,169.1,dyrast,7500.0,"Soffa &amp; bord &quot;Dikken&quot;, Lammhults, A&amp;E Design"
lammhults|bunt:okand_bastyp|,26,169.1,dyrast,2200.0,Soffbord/Sidobord Cooper - Lammhults
lammhults|bunt:okand_bastyp|,26,169.1,billigast,50.0,6st stolar/pallar från Lammhults
lammhults|bunt:okand_bastyp|,26,169.1,billigast,83.0,6 st Pallar/Stolar från Lammhults
lammhults|bunt:okand_bastyp|,26,169.1,billigast,100.0,6st pallar/stolar från Lammhults
lammhults|bunt:okand_bastyp|,26,169.1,billigast,100.0,6 st pallar/stolar från Lammhults
lammhults|bunt:okand_bastyp|,26,169.1,billigast,100.0,6st stolar / pallar från Lammhults
|okand|jacobsen,171,167.5,dyrast,120000.0,"""The Egg"", armchair, Fritz Hansen, Denmark 1966, designed 1958. arne jacobsen"
|okand|jacobsen,171,167.5,dyrast,100000.0,"''Det gyllene ägget''. Fritz Hansen, modell 3316, jubileumsutgåva 2008, formgiven 1958. arne jacobsen"
|okand|jacobsen,171,167.5,dyrast,90000.0,"""Liljan / Mågen"", chairs 12 pcs., Fritz Hansen 1979. designed 1968. arne jacobsen"
|okand|jacobsen,171,167.5,dyrast,90000.0,ARNE JACOBSEN för FRITZ HANSEN ÄGGET
|okand|jacobsen,171,167.5,dyrast,85000.0,"'The golden egg'. Fritz Hansen, model 3316, anniversary edition 2008, designed 1958. arne jacobsen"
|okand|jacobsen,171,167.5,billigast,250.0,Sjuanstolar. Arne Jacobsen. Teak.
|okand|jacobsen,171,167.5,billigast,250.0,10 plåt stollar / Arne Jacobsen sjukan Fritz Hansen
|okand|jacobsen,171,167.5,billigast,275.0,Ljusblå Sjuanstolar Arne Jacobsen
|okand|jacobsen,171,167.5,billigast,292.0,"Myranstolar, Arne Jacobsen / Fritz Hansen, 6st"
|okand|jacobsen,171,167.5,billigast,300.0,Arne Jacobsen - Fritz Hansen - Grand prix
vitra|okand|,218,164.4,dyrast,112500.0,Vitra CITY 2010 REDSKAPSBÄRARE
vitra|okand|,218,164.4,dyrast,102631.0,Vitra 2045 - Feje/suge - Rotorklipper - Se Video!
vitra|okand|,218,164.4,dyrast,102631.0,Vitra 2045 - Feje/suge - Rotorklipper - Se Video!
vitra|okand|,218,164.4,dyrast,81000.0,Vitra City 2000
vitra|okand|,218,164.4,dyrast,75000.0,redskapsbärare vitra
vitra|okand|,218,164.4,billigast,67.0,Fällbord Vitra
vitra|okand|,218,164.4,billigast,75.0,"ALBERTO MEDA, armlänstolar ""MedaSlim"" 4 stycken, Vitra, designår 2011."
vitra|okand|,218,164.4,billigast,100.0,"ALBERTO MEDA, armlänstolar ""MedaSlim"" 4 stycken, Vitra, designår 2011."
vitra|okand|,218,164.4,billigast,100.0,Vitra - Kakelplattor
vitra|okand|,218,164.4,billigast,100.0,Vitra väggmonterad toalett
|okand|moms,31,158.5,dyrast,156250.0,"Scania R164 Skåpbil (125,000:- ex moms)"
|okand|moms,31,158.5,dyrast,98750.0,"Scania R480 6x2 Skåpbil (79,000:- ex moms)"
|okand|moms,31,158.5,dyrast,98750.0,"Scania R480 6x2 Skåpbil (79,000:- ex moms)"
|okand|moms,31,158.5,dyrast,93750.0,"Skåpbil Iveco Daily 29L12A V-300 (75,000:- ex moms)"
|okand|moms,31,158.5,dyrast,86250.0,"Kyltrailer-skåp KRONE (69,000:- ex moms)"
|okand|moms,31,158.5,billigast,411.0,Engelskt hjul bänkmodell 2300:- + moms
|okand|moms,31,158.5,billigast,446.0,Engelskt hjul bänkmodell 2500:- + moms
|okand|moms,31,158.5,billigast,800.0,babysitter elektrisk baby vagga 4 moms
|okand|moms,31,158.5,billigast,800.0,eldriven vagga 4 moms mammaro 4.0
|okand|moms,31,158.5,billigast,1300.0,"4 moms mamaroo, barnstol och en FREE baby gunga"
dux|sang|,168,152.3,dyrast,99000.0,Dux ställbar säng!
dux|sang|,168,152.3,dyrast,50000.0,Dux kontinental säng modell 6006
dux|sang|,168,152.3,dyrast,50000.0,Dux 3003 säng 160 cm nyskick
dux|sang|,168,152.3,dyrast,50000.0,Säng Dux Axion 90 x 200
dux|sang|,168,152.3,dyrast,49990.0,DUX ställbar säng
dux|sang|,168,152.3,billigast,50.0,Resårbotten / säng DUX
dux|sang|,168,152.3,billigast,80.0,Vintage Dux - Gavlar. 90 Säng
dux|sang|,168,152.3,billigast,100.0,Dux sängar
dux|sang|,168,152.3,billigast,100.0,Dux säng
dux|sang|,168,152.3,billigast,100.0,Dux säng
|soffa|kretong,26,151.7,dyrast,60000.0,"""Långsoffan"", soffa, Firma Svenskt Tenn, modellnummer 3031, klädd i Josef Frank kretong ""Celotocaulis"". josef frank"
|soffa|kretong,26,151.7,dyrast,46000.0,"Soffa, Firma Svenskt Tenn, variant av modellnummer 767, klädd i Josef Franks kretong ""Under Ekvatorn"". josef frank"
|soffa|kretong,26,151.7,dyrast,44000.0,"Soffa, Firma Svenskt Tenn, variant av modellnummer 767, klädd i Josef Franks kretong ""Under Ekvatorn"". josef frank"
|soffa|kretong,26,151.7,dyrast,26010.0,"Soffa, Firma Svenskt Tenn, modell 678, klädd i Josef Frank kretong ""Poison"". josef frank"
|soffa|kretong,26,151.7,dyrast,7000.0,"SOFFA, med dunplymåer klädd i GP & J Baker kretong."
|soffa|kretong,26,151.7,billigast,300.0,"SOFFA, 3 sits, klädd i kretong."
|soffa|kretong,26,151.7,billigast,300.0,"Kretong, 1900-talets mitt. soffa"
|soffa|kretong,26,151.7,billigast,300.0,"SOFFA, 3-sits, kretong."
|soffa|kretong,26,151.7,billigast,300.0,"SOFFA, 2-sits, kretong , England."
|soffa|kretong,26,151.7,billigast,395.0,SOFFA klädd i kretong.
|okand|gustavianska,83,137.0,dyrast,80000.0,"STOLSUPPSÄTTNING av SVENSKA MODELLEN, åtta stycken, gustavianska stockholmsarbeten, fem av Johan Erik Höglander (stolmakare i Stockholm 1777-1813), signerade IEH, en av Jacob Malmsten (stolmakare i Stockholm 1780-1788), signerad IMS."
|okand|gustavianska,83,137.0,dyrast,80000.0,"STOLSUPPSÄTTNING av SVENSKA MODELLEN, åtta stycken, gustavianska stockholmsarbeten."
|okand|gustavianska,83,137.0,dyrast,50000.0,"SALSSTOLAR, åtta stycken, gustavianska stockholmsarbeten, varav fyra av Johan Lindgren (stolmakare i Stockholm 1770-1800), signerade ILG, en av Johan Erik Höglander (stolmakare i Stockholm 1777-1813), signerad IEH."
|okand|gustavianska,83,137.0,dyrast,44000.0,"STOLSUPPSÄTTNING av SVENSKA MODELLEN, åtta stycken, gustavianska stockholmsarbeten, fem av Johan Erik Höglander (stolmakare i Stockholm 1777-1813), signerade IEH, en av Jacob Malmsten (stolmakare i Stockholm 1780-1788), signerad IMS."
|okand|gustavianska,83,137.0,dyrast,28000.0,"GRIPSHOLMSFÅTÖLJER, två snarlika, gustavianska, 1700-talets andra hälft, träskuren dekor."
|okand|gustavianska,83,137.0,billigast,100.0,8 st Gustavianska Medaljongstolar
|okand|gustavianska,83,137.0,billigast,200.0,Två Gustavianska ljusstakar i nysilver
|okand|gustavianska,83,137.0,billigast,200.0,6 st Gustavianska Middagsstolar i Mahogny i mycket bra skick
|okand|gustavianska,83,137.0,billigast,200.0,"Gustavianska rokokostolar, väldigt fina."
|okand|gustavianska,83,137.0,billigast,200.0,Gustavianska bordsstolar
|fatolj|ope,91,124.3,dyrast,82376.0,"Fåtöljer, 1-par, teak/skinn, ""Sälen"", för OPE Möbler, Jönköping. ib kofoed-larsen"
|fatolj|ope,91,124.3,dyrast,71000.0,"Fåtölj ""Sälen"", OPE möbler, Jönköping, formgiven 1956. ib kofod-larsen"
|fatolj|ope,91,124.3,dyrast,64475.0,"Fåtöljer, 1-par, teak/skinn, ""Sälen"", för OPE Möbler, Jönköping. ib kofod-larsen"
|fatolj|ope,91,124.3,dyrast,55903.0,"Fåtölj ""Sälen"", för OPE Möbler, Jönköping. ib kofod larsen"
|fatolj|ope,91,124.3,dyrast,45010.0,"Fåtölj ""Sälen"", för OPE Möbler, Jönköping. ib kofod larsen"
|fatolj|ope,91,124.3,billigast,150.0,"FÅTÖLJER, 1 par, OPE Möbler, 1900-talets andra hälft."
|fatolj|ope,91,124.3,billigast,300.0,"FÅTÖLJ, skinn, OPE Möbler."
|fatolj|ope,91,124.3,billigast,350.0,"FÅTÖLJ, trä och skinn, OPE, 1900-talets mitt."
|fatolj|ope,91,124.3,billigast,350.0,"FÅTÖLJ, läder, sannolikt OPE möbler, 1900-tal."
|fatolj|ope,91,124.3,billigast,350.0,"FÅTÖLJ, "" Läckö hög "", OPE möbler, 1960-tal."
bolia|stol|,25,122.4,dyrast,20000.0,Merge stolar från Bolia
bolia|stol|,25,122.4,dyrast,15000.0,Bolia Philippa Design stolar
bolia|stol|,25,122.4,dyrast,11111.0,"Bolia stol, Soul"
bolia|stol|,25,122.4,dyrast,3250.0,2 st Bolia stolar
bolia|stol|,25,122.4,dyrast,3250.0,2 st Bolia stolar
bolia|stol|,25,122.4,billigast,75.0,Två stolar från Bolia
bolia|stol|,25,122.4,billigast,112.0,4 st stolar från Bolia
bolia|stol|,25,122.4,billigast,133.0,Bolia stolar slumpas!
bolia|stol|,25,122.4,billigast,150.0,4 st stolar från Bolia
bolia|stol|,25,122.4,billigast,375.0,"4 st stolar Bolia, ljus trä/krom – fint skick"
|okand|biljardbord,114,111.8,dyrast,40000.0,Biljardbord Cornilleau
|okand|biljardbord,114,111.8,dyrast,39995.0,Biljardbord Baylor 8 Black
|okand|biljardbord,114,111.8,dyrast,34995.0,Biljardbord Ella 8 Port
|okand|biljardbord,114,111.8,dyrast,34995.0,Biljardbord Megan 8 Onyx
|okand|biljardbord,114,111.8,dyrast,34995.0,Biljardbord Megan 8 Port
|okand|biljardbord,114,111.8,billigast,130.0,Mini Biljardbord
|okand|biljardbord,114,111.8,billigast,159.0,Biljardbord mini
|okand|biljardbord,114,111.8,billigast,225.0,Biljardbord
|okand|biljardbord,114,111.8,billigast,225.0,Biljardbord
|okand|biljardbord,114,111.8,billigast,295.0,biljardbord f barn
|okand|bolin,20,110.2,dyrast,27000.0,Bolingitarr och tonbord Bolin
|okand|bolin,20,110.2,dyrast,27000.0,Bolingitarr och tonbord Bolin
|okand|bolin,20,110.2,dyrast,16050.0,"SLAGBORD, av Instrumentmakaren och Rektor för Malmstens Verkstadsskola, Georg Bolin, signerat undertill 1956, teak."
|okand|bolin,20,110.2,dyrast,12600.0,"""Bolin"", hörnskåp, skåpsdelar med hyllplan, bemålat grått, brännmärkt CM. carl malmsten"
|okand|bolin,20,110.2,dyrast,11862.0,"""SILVERSKÅP"", formgivet av Rektor Georg Bolin och tillverkat av densamme och Snickarmästaren Artur Jönerot, (Malmstens Verkstadsskola) Signerat av båda Stockholm 15 maj 1962 baktill, teak."
|okand|bolin,20,110.2,billigast,150.0,Gnistskydd Bolin Smide
|okand|bolin,20,110.2,billigast,250.0,"Källemo tidningshylla Magasin, Jonas Bolin"
|okand|bolin,20,110.2,billigast,300.0,"HATRACK, Gunnar Bolin."
|okand|bolin,20,110.2,billigast,350.0,"PARAPLYSTÄLL, järn, Bolin Smide, 1900-tal."
|okand|bolin,20,110.2,billigast,850.0,Gunnar Bolin Hathylla
dux|fatolj|,412,109.9,dyrast,50000.0,DUX fåtölj KARIN i skinn
dux|fatolj|,412,109.9,dyrast,40000.0,DUX Fåtölj
dux|fatolj|,412,109.9,dyrast,39000.0,Dux fåtölj
dux|fatolj|,412,109.9,dyrast,35000.0,Brun Dux Karin 73 fåtölj
dux|fatolj|,412,109.9,dyrast,30792.0,"FÅTÖLJER, 1 par, Dux, Swedish Modern, 1940-tal."
dux|fatolj|,412,109.9,billigast,100.0,"FÅTÖLJER, DUX, 1950-tal, 1 par."
dux|fatolj|,412,109.9,billigast,100.0,"FÅTÖLJER, 3 stycken, Dux, läder och trä."
dux|fatolj|,412,109.9,billigast,100.0,"FÅTÖLJER, 3st, Dux, 1900-talets mitt."
dux|fatolj|,412,109.9,billigast,100.0,"FÅTÖLJER, ett par, Dux."
dux|fatolj|,412,109.9,billigast,100.0,"FÅTÖLJER, ett par, Dux, 1900-talets mitt."
|okand|bag,26,104.7,dyrast,25000.0,Saint Laurent - Loulou puffer leather crossbody bag
|okand|bag,26,104.7,dyrast,25000.0,"Saint Laurent puffer bag medium, YSL"
|okand|bag,26,104.7,dyrast,24499.0,LOUIS VUITTON - KEEPALL CLOTH TRAVEL BAG
|okand|bag,26,104.7,dyrast,18000.0,Saint Laurent Puffer Toy Shoulder Bag
|okand|bag,26,104.7,dyrast,15000.0,Saint Laurent loulou puffer bag
|okand|bag,26,104.7,billigast,50.0,Bag in box hållare
|okand|bag,26,104.7,billigast,220.0,ÖVERDRAGSKYDD NYTT + stor svart bag - använd en gång.
|okand|bag,26,104.7,billigast,290.0,"Reisenthel laundry bag, light grey"
|okand|bag,26,104.7,billigast,350.0,Vinställ för bag in box
|okand|bag,26,104.7,billigast,500.0,Saccosäck / Lazy Bag
